unique_id,generation,candidate_index,evaluation_step,objective,operator,basin_id,description,reflection,source_path
b0813cf758e51900c5f7a48d18b647de,1,1,1,0.32297,i1,41,,,evolve_experiment\evolution\adaptive\synthetic_sbm_1000__continuous\results\pops\synthetic_sbm_1000\population_generation_1.json
55cf19b8cba601d0cda9ae45cc13cde5,1,2,2,0.32303,i1,21,,,evolve_experiment\evolution\adaptive\synthetic_sbm_1000__continuous\results\pops\synthetic_sbm_1000\population_generation_1.json
127505aabaf5282a1a755a91fc42ba63,1,3,3,0.32305,i1,7,"Select the next node to remove by scoring unvisited nodes with a weighted combination of normalized degree, betweenness, inverse clustering, and core number to balance early fragmentation and long-term impact, picking the node with the highest score.",,evolve_experiment\evolution\adaptive\synthetic_sbm_1000__continuous\results\pops\synthetic_sbm_1000\population_generation_1.json
15c5537c9304e17393d7068afd819ced,1,4,4,0.32314,m2,8,"Select the next node by weighting normalized betweenness and inverse clustering more heavily for early disruption, while reducing the influence of eigenvector centrality and dynamically scaling core number weight inversely with diameter to favor fragmentation in networks with large diameters.",,evolve_experiment\evolution\adaptive\synthetic_sbm_1000__continuous\results\pops\synthetic_sbm_1000\population_generation_1.json
66b891f772f5b5b78664ae2d4a2a7680,1,5,5,0.32317,i1,24,"Select the next node as the one maximizing a balanced score combining normalized betweenness centrality, inverse clustering coefficient, and core number, weighted dynamically by the graph's global bridge_ratio_high_bc to prioritize nodes bridging communities early and maintaining long-term disruption.",,evolve_experiment\evolution\adaptive\synthetic_sbm_1000__continuous\results\pops\synthetic_sbm_1000\population_generation_1.json
b9b43a1ad4447ad013f13eda0281f334,1,6,6,0.32321,i1,44,"Select the next node by scoring unvisited nodes with a weighted combination of normalized degree, betweenness, core number, and inverse clustering coefficient to balance immediate impact and long-term fragmentation.",,evolve_experiment\evolution\adaptive\synthetic_sbm_1000__continuous\results\pops\synthetic_sbm_1000\population_generation_1.json
d74c98ed6f4569d811b14f13c6fc636f,1,7,7,0.32331,i1,55,"Select the next node by scoring unvisited nodes using a weighted combination of normalized degree, betweenness, inverse clustering, and core number, dynamically adapting weights based on global graph features to balance early disruption and long-term fragmentation.",,evolve_experiment\evolution\adaptive\synthetic_sbm_1000__continuous\results\pops\synthetic_sbm_1000\population_generation_1.json
a8628a4afcf7355f64774e5ca45a63ae,1,8,8,0.3235,m2,38,"Select the next node by prioritizing inverse clustering and core number with dynamically reduced emphasis on betweenness and eigenvector centrality, while slightly increasing degree influence based on global graph density to favor early disruption and sustained fragmentation.",,evolve_experiment\evolution\adaptive\synthetic_sbm_1000__continuous\results\pops\synthetic_sbm_1000\population_generation_1.json
48587121c0e1935e002d2a13c5fb5035,1,9,9,0.32358,t2,18,"Select the next node by dynamically weighting normalized degree, betweenness, inverse clustering, core number, and eigenvector centrality based on global graph features to balance fast network disruption and thorough fragmentation.","The incremental improvements mainly refined the dynamic weighting of node features using global graph metrics to better balance early disruption and final fragmentation while maintaining low time complexity; however, attempts to aggressively tune clustering or core weights did not significantly improve objective scores or early disruption.",evolve_experiment\evolution\adaptive\synthetic_sbm_1000__continuous\results\pops\synthetic_sbm_1000\population_generation_1.json
71c2e08bd9211ee195b86f096c5b6d9b,1,10,10,0.32368,e2,27,"Select the next node by clustering unvisited nodes into groups based on their multi-dimensional centrality features and pick the node closest to the centroid of the cluster with the highest average betweenness, thus capturing representative critical nodes from different structural roles to balance immediate and sustained disruption.",,evolve_experiment\evolution\adaptive\synthetic_sbm_1000__continuous\results\pops\synthetic_sbm_1000\population_generation_1.json
b0813cf758e51900c5f7a48d18b647de,2,1,11,0.32297,i1,41,,,evolve_experiment\evolution\adaptive\synthetic_sbm_1000__continuous\results\pops\synthetic_sbm_1000\population_generation_2.json
55cf19b8cba601d0cda9ae45cc13cde5,2,2,12,0.32303,i1,21,,,evolve_experiment\evolution\adaptive\synthetic_sbm_1000__continuous\results\pops\synthetic_sbm_1000\population_generation_2.json
127505aabaf5282a1a755a91fc42ba63,2,3,13,0.32305,i1,7,"Select the next node to remove by scoring unvisited nodes with a weighted combination of normalized degree, betweenness, inverse clustering, and core number to balance early fragmentation and long-term impact, picking the node with the highest score.",,evolve_experiment\evolution\adaptive\synthetic_sbm_1000__continuous\results\pops\synthetic_sbm_1000\population_generation_2.json
15c5537c9304e17393d7068afd819ced,2,4,14,0.32314,m2,8,"Select the next node by weighting normalized betweenness and inverse clustering more heavily for early disruption, while reducing the influence of eigenvector centrality and dynamically scaling core number weight inversely with diameter to favor fragmentation in networks with large diameters.",,evolve_experiment\evolution\adaptive\synthetic_sbm_1000__continuous\results\pops\synthetic_sbm_1000\population_generation_2.json
66b891f772f5b5b78664ae2d4a2a7680,2,5,15,0.32317,i1,24,"Select the next node as the one maximizing a balanced score combining normalized betweenness centrality, inverse clustering coefficient, and core number, weighted dynamically by the graph's global bridge_ratio_high_bc to prioritize nodes bridging communities early and maintaining long-term disruption.",,evolve_experiment\evolution\adaptive\synthetic_sbm_1000__continuous\results\pops\synthetic_sbm_1000\population_generation_2.json
b9b43a1ad4447ad013f13eda0281f334,2,6,16,0.32321,i1,44,"Select the next node by scoring unvisited nodes with a weighted combination of normalized degree, betweenness, core number, and inverse clustering coefficient to balance immediate impact and long-term fragmentation.",,evolve_experiment\evolution\adaptive\synthetic_sbm_1000__continuous\results\pops\synthetic_sbm_1000\population_generation_2.json
d74c98ed6f4569d811b14f13c6fc636f,2,7,17,0.32331,i1,55,"Select the next node by scoring unvisited nodes using a weighted combination of normalized degree, betweenness, inverse clustering, and core number, dynamically adapting weights based on global graph features to balance early disruption and long-term fragmentation.",,evolve_experiment\evolution\adaptive\synthetic_sbm_1000__continuous\results\pops\synthetic_sbm_1000\population_generation_2.json
a8628a4afcf7355f64774e5ca45a63ae,2,8,18,0.3235,m2,38,"Select the next node by prioritizing inverse clustering and core number with dynamically reduced emphasis on betweenness and eigenvector centrality, while slightly increasing degree influence based on global graph density to favor early disruption and sustained fragmentation.",,evolve_experiment\evolution\adaptive\synthetic_sbm_1000__continuous\results\pops\synthetic_sbm_1000\population_generation_2.json
48587121c0e1935e002d2a13c5fb5035,2,9,19,0.32358,t2,18,"Select the next node by dynamically weighting normalized degree, betweenness, inverse clustering, core number, and eigenvector centrality based on global graph features to balance fast network disruption and thorough fragmentation.","The incremental improvements mainly refined the dynamic weighting of node features using global graph metrics to better balance early disruption and final fragmentation while maintaining low time complexity; however, attempts to aggressively tune clustering or core weights did not significantly improve objective scores or early disruption.",evolve_experiment\evolution\adaptive\synthetic_sbm_1000__continuous\results\pops\synthetic_sbm_1000\population_generation_2.json
c5a5daeaf899138b2478523fe4c2f152,2,10,20,0.32361,m2,48,"Select the next node by emphasizing inverse clustering and core number with increased weights to favor breaking dense cores early, while moderately incorporating betweenness and eigenvector centrality for balanced disruption and fragmentation.",,evolve_experiment\evolution\adaptive\synthetic_sbm_1000__continuous\results\pops\synthetic_sbm_1000\population_generation_2.json
b0813cf758e51900c5f7a48d18b647de,3,1,21,0.32297,i1,41,,,evolve_experiment\evolution\adaptive\synthetic_sbm_1000__continuous\results\pops\synthetic_sbm_1000\population_generation_3.json
55cf19b8cba601d0cda9ae45cc13cde5,3,2,22,0.32303,i1,21,,,evolve_experiment\evolution\adaptive\synthetic_sbm_1000__continuous\results\pops\synthetic_sbm_1000\population_generation_3.json
127505aabaf5282a1a755a91fc42ba63,3,3,23,0.32305,i1,7,"Select the next node to remove by scoring unvisited nodes with a weighted combination of normalized degree, betweenness, inverse clustering, and core number to balance early fragmentation and long-term impact, picking the node with the highest score.",,evolve_experiment\evolution\adaptive\synthetic_sbm_1000__continuous\results\pops\synthetic_sbm_1000\population_generation_3.json
15c5537c9304e17393d7068afd819ced,3,4,24,0.32314,m2,8,"Select the next node by weighting normalized betweenness and inverse clustering more heavily for early disruption, while reducing the influence of eigenvector centrality and dynamically scaling core number weight inversely with diameter to favor fragmentation in networks with large diameters.",,evolve_experiment\evolution\adaptive\synthetic_sbm_1000__continuous\results\pops\synthetic_sbm_1000\population_generation_3.json
c56cbb6b5101ca87ada2111422c8500d,3,5,25,0.32316,e1,47,"Select the next node by prioritizing nodes that maximize the product of their local bridging score (computed as betweenness times inverse clustering) and their relative core importance, while penalizing nodes in very dense regions using an adaptive sigmoid function on local clustering to achieve a nonlinear balance between early bridge disruption and long-term fragmentation.",,evolve_experiment\evolution\adaptive\synthetic_sbm_1000__continuous\results\pops\synthetic_sbm_1000\population_generation_3.json
66b891f772f5b5b78664ae2d4a2a7680,3,6,26,0.32317,i1,24,"Select the next node as the one maximizing a balanced score combining normalized betweenness centrality, inverse clustering coefficient, and core number, weighted dynamically by the graph's global bridge_ratio_high_bc to prioritize nodes bridging communities early and maintaining long-term disruption.",,evolve_experiment\evolution\adaptive\synthetic_sbm_1000__continuous\results\pops\synthetic_sbm_1000\population_generation_3.json
b9b43a1ad4447ad013f13eda0281f334,3,7,27,0.32321,i1,44,"Select the next node by scoring unvisited nodes with a weighted combination of normalized degree, betweenness, core number, and inverse clustering coefficient to balance immediate impact and long-term fragmentation.",,evolve_experiment\evolution\adaptive\synthetic_sbm_1000__continuous\results\pops\synthetic_sbm_1000\population_generation_3.json
d74c98ed6f4569d811b14f13c6fc636f,3,8,28,0.32331,i1,55,"Select the next node by scoring unvisited nodes using a weighted combination of normalized degree, betweenness, inverse clustering, and core number, dynamically adapting weights based on global graph features to balance early disruption and long-term fragmentation.",,evolve_experiment\evolution\adaptive\synthetic_sbm_1000__continuous\results\pops\synthetic_sbm_1000\population_generation_3.json
c52f76d9c6bced617b9310113c33cb3d,3,9,29,0.32333,e1,46,"Select the next node by computing a novel score that multiplies normalized betweenness and core number to capture nodes critical for connectivity, then breaking ties by selecting nodes with minimum clustering coefficient to favor disrupting tightly knit groups early, thereby balancing impactful disruption and fragmentation efficiently.",,evolve_experiment\evolution\adaptive\synthetic_sbm_1000__continuous\results\pops\synthetic_sbm_1000\population_generation_3.json
a8628a4afcf7355f64774e5ca45a63ae,3,10,30,0.3235,m2,38,"Select the next node by prioritizing inverse clustering and core number with dynamically reduced emphasis on betweenness and eigenvector centrality, while slightly increasing degree influence based on global graph density to favor early disruption and sustained fragmentation.",,evolve_experiment\evolution\adaptive\synthetic_sbm_1000__continuous\results\pops\synthetic_sbm_1000\population_generation_3.json
9a54f4cf0e8179358ebfca6d4563877e,4,1,31,0.32092,e1,33,n: graph.nodes[n]['betweenness'] for n in graph.nodes(),,evolve_experiment\evolution\adaptive\synthetic_sbm_1000__continuous\results\pops\synthetic_sbm_1000\population_generation_4.json
b0813cf758e51900c5f7a48d18b647de,4,2,32,0.32297,i1,41,,,evolve_experiment\evolution\adaptive\synthetic_sbm_1000__continuous\results\pops\synthetic_sbm_1000\population_generation_4.json
d36ebd9d16269550d31b0f2aa488489c,4,3,33,0.32299,e2,53,"Select the next node by combining a diversity-driven exploration score that prioritizes nodes contributing most uniquely to network fragmentation, computed as the harmonic mean of normalized betweenness and inverse local redundancy (1 - clustering), further weighted by how atypical their degree is relative to the global degree variance, thus balancing impactful disruption with network structural heterogeneity.",,evolve_experiment\evolution\adaptive\synthetic_sbm_1000__continuous\results\pops\synthetic_sbm_1000\population_generation_4.json
55cf19b8cba601d0cda9ae45cc13cde5,4,4,34,0.32303,i1,21,,,evolve_experiment\evolution\adaptive\synthetic_sbm_1000__continuous\results\pops\synthetic_sbm_1000\population_generation_4.json
127505aabaf5282a1a755a91fc42ba63,4,5,35,0.32305,i1,7,"Select the next node to remove by scoring unvisited nodes with a weighted combination of normalized degree, betweenness, inverse clustering, and core number to balance early fragmentation and long-term impact, picking the node with the highest score.",,evolve_experiment\evolution\adaptive\synthetic_sbm_1000__continuous\results\pops\synthetic_sbm_1000\population_generation_4.json
15c5537c9304e17393d7068afd819ced,4,6,36,0.32314,m2,8,"Select the next node by weighting normalized betweenness and inverse clustering more heavily for early disruption, while reducing the influence of eigenvector centrality and dynamically scaling core number weight inversely with diameter to favor fragmentation in networks with large diameters.",,evolve_experiment\evolution\adaptive\synthetic_sbm_1000__continuous\results\pops\synthetic_sbm_1000\population_generation_4.json
a2e45ae0d916b29debd611574d828761,4,7,37,0.32316,m1,35,"Select the next node by dynamically combining normalized degree, betweenness, and core number scores using a multiplicative interaction amplified by a factor based on global average path length, while penalizing nodes with high clustering to improve balance between early disruption and long-term fragmentation.",,evolve_experiment\evolution\adaptive\synthetic_sbm_1000__continuous\results\pops\synthetic_sbm_1000\population_generation_4.json
66b891f772f5b5b78664ae2d4a2a7680,4,8,38,0.32317,i1,24,"Select the next node as the one maximizing a balanced score combining normalized betweenness centrality, inverse clustering coefficient, and core number, weighted dynamically by the graph's global bridge_ratio_high_bc to prioritize nodes bridging communities early and maintaining long-term disruption.",,evolve_experiment\evolution\adaptive\synthetic_sbm_1000__continuous\results\pops\synthetic_sbm_1000\population_generation_4.json
b9b43a1ad4447ad013f13eda0281f334,4,9,39,0.32321,i1,44,"Select the next node by scoring unvisited nodes with a weighted combination of normalized degree, betweenness, core number, and inverse clustering coefficient to balance immediate impact and long-term fragmentation.",,evolve_experiment\evolution\adaptive\synthetic_sbm_1000__continuous\results\pops\synthetic_sbm_1000\population_generation_4.json
08e3ec6f5fc6077cc865c0a3eb4deedd,4,10,40,0.32331,e1,2,"Select the next node by iteratively computing a custom harmonic mean score between normalized betweenness and inverse clustering, then breaking ties by selecting nodes with the minimum product of degree and core number to target nodes that are both global connectors and key local hubs for balanced disruption.",,evolve_experiment\evolution\adaptive\synthetic_sbm_1000__continuous\results\pops\synthetic_sbm_1000\population_generation_4.json
9a54f4cf0e8179358ebfca6d4563877e,5,1,41,0.32092,e1,33,n: graph.nodes[n]['betweenness'] for n in graph.nodes(),,evolve_experiment\evolution\adaptive\synthetic_sbm_1000__continuous\results\pops\synthetic_sbm_1000\population_generation_5.json
b0813cf758e51900c5f7a48d18b647de,5,2,42,0.32297,i1,41,,,evolve_experiment\evolution\adaptive\synthetic_sbm_1000__continuous\results\pops\synthetic_sbm_1000\population_generation_5.json
d36ebd9d16269550d31b0f2aa488489c,5,3,43,0.32299,e2,53,"Select the next node by combining a diversity-driven exploration score that prioritizes nodes contributing most uniquely to network fragmentation, computed as the harmonic mean of normalized betweenness and inverse local redundancy (1 - clustering), further weighted by how atypical their degree is relative to the global degree variance, thus balancing impactful disruption with network structural heterogeneity.",,evolve_experiment\evolution\adaptive\synthetic_sbm_1000__continuous\results\pops\synthetic_sbm_1000\population_generation_5.json
55cf19b8cba601d0cda9ae45cc13cde5,5,4,44,0.32303,i1,21,,,evolve_experiment\evolution\adaptive\synthetic_sbm_1000__continuous\results\pops\synthetic_sbm_1000\population_generation_5.json
127505aabaf5282a1a755a91fc42ba63,5,5,45,0.32305,i1,7,"Select the next node to remove by scoring unvisited nodes with a weighted combination of normalized degree, betweenness, inverse clustering, and core number to balance early fragmentation and long-term impact, picking the node with the highest score.",,evolve_experiment\evolution\adaptive\synthetic_sbm_1000__continuous\results\pops\synthetic_sbm_1000\population_generation_5.json
15c5537c9304e17393d7068afd819ced,5,6,46,0.32314,m2,8,"Select the next node by weighting normalized betweenness and inverse clustering more heavily for early disruption, while reducing the influence of eigenvector centrality and dynamically scaling core number weight inversely with diameter to favor fragmentation in networks with large diameters.",,evolve_experiment\evolution\adaptive\synthetic_sbm_1000__continuous\results\pops\synthetic_sbm_1000\population_generation_5.json
a2e45ae0d916b29debd611574d828761,5,7,47,0.32316,m1,35,"Select the next node by dynamically combining normalized degree, betweenness, and core number scores using a multiplicative interaction amplified by a factor based on global average path length, while penalizing nodes with high clustering to improve balance between early disruption and long-term fragmentation.",,evolve_experiment\evolution\adaptive\synthetic_sbm_1000__continuous\results\pops\synthetic_sbm_1000\population_generation_5.json
66b891f772f5b5b78664ae2d4a2a7680,5,8,48,0.32317,i1,24,"Select the next node as the one maximizing a balanced score combining normalized betweenness centrality, inverse clustering coefficient, and core number, weighted dynamically by the graph's global bridge_ratio_high_bc to prioritize nodes bridging communities early and maintaining long-term disruption.",,evolve_experiment\evolution\adaptive\synthetic_sbm_1000__continuous\results\pops\synthetic_sbm_1000\population_generation_5.json
b9b43a1ad4447ad013f13eda0281f334,5,9,49,0.32321,i1,44,"Select the next node by scoring unvisited nodes with a weighted combination of normalized degree, betweenness, core number, and inverse clustering coefficient to balance immediate impact and long-term fragmentation.",,evolve_experiment\evolution\adaptive\synthetic_sbm_1000__continuous\results\pops\synthetic_sbm_1000\population_generation_5.json
caac1db1e5d34201e7b02f13e10d46fe,5,10,50,0.3233,e2,50,,,evolve_experiment\evolution\adaptive\synthetic_sbm_1000__continuous\results\pops\synthetic_sbm_1000\population_generation_5.json
407159a96105bf8c983dfcbf809bd54a,6,1,51,0.30961,m2,14,,,evolve_experiment\evolution\adaptive\synthetic_sbm_1000__continuous\results\pops\synthetic_sbm_1000\population_generation_6.json
b72c1ef5189ae038188b8049ee06c709,6,2,52,0.30979,m2,43,,,evolve_experiment\evolution\adaptive\synthetic_sbm_1000__continuous\results\pops\synthetic_sbm_1000\population_generation_6.json
6fca84f4e2284b241cbaea8549e15fd7,6,3,53,0.31012,e2,26,,,evolve_experiment\evolution\adaptive\synthetic_sbm_1000__continuous\results\pops\synthetic_sbm_1000\population_generation_6.json
31b6dbc117f538b1257f5148811d323d,6,4,54,0.31102,m1,11,,,evolve_experiment\evolution\adaptive\synthetic_sbm_1000__continuous\results\pops\synthetic_sbm_1000\population_generation_6.json
45972039ad0ae94b82ae452c74c10ec0,6,5,55,0.31109,m2,16,,,evolve_experiment\evolution\adaptive\synthetic_sbm_1000__continuous\results\pops\synthetic_sbm_1000\population_generation_6.json
6c858d877c4bb15cef7bb957281d8bff,6,6,56,0.31219,m1,25,,,evolve_experiment\evolution\adaptive\synthetic_sbm_1000__continuous\results\pops\synthetic_sbm_1000\population_generation_6.json
8b238d508e248237e9ced8edd072e9f8,6,7,57,0.31417,m1,30,,,evolve_experiment\evolution\adaptive\synthetic_sbm_1000__continuous\results\pops\synthetic_sbm_1000\population_generation_6.json
0b32d52fb0eecf7be8eafd5ca5fd4cb2,6,8,58,0.31488,t1,3,"Select next node by maximizing a weighted composite score of normalized betweenness, degree, core number, and inverse clustering, dynamically weighted by global graph features, penalized by neighbor coverage redundancy to encourage diverse and impactful node removals.","This approach integrates and extends ideas from previous algorithms by explicitly quantifying coverage redundancy and dynamically weighting features based on global graph state, while maintaining low computational complexity by avoiding costly per-node neighbor feature entropy calculations. The method aims to promote selecting nodes that uniquely impact the network's connectivity, thus balancing rapid early disruption with sustained fragmentation.",evolve_experiment\evolution\adaptive\synthetic_sbm_1000__continuous\results\pops\synthetic_sbm_1000\population_generation_6.json
1046483fc88c1272215107c22ee9d17a,6,9,59,0.31624,e1,5,,,evolve_experiment\evolution\adaptive\synthetic_sbm_1000__continuous\results\pops\synthetic_sbm_1000\population_generation_6.json
8c6508e7ce7cdd272c03a0020115f3ae,6,10,60,0.3163,e2,31,"Leverage a multi-armed bandit inspired adaptive scoring that treats each node as an arm, balancing exploration of structurally diverse nodes and exploitation of high-impact nodes by iteratively updating dynamic scores based on normalized betweenness, inverse clustering, and a novelty term derived from how often neighborhoods have been targeted, thus combining diversity and impact in an online learning fashion.",,evolve_experiment\evolution\adaptive\synthetic_sbm_1000__continuous\results\pops\synthetic_sbm_1000\population_generation_6.json
35bfad8e30c6207a642ffd5d5efa2fd9,7,1,61,0.30499,m2,13,,,evolve_experiment\evolution\adaptive\synthetic_sbm_1000__continuous\results\pops\synthetic_sbm_1000\population_generation_7.json
c74ef82f91008bc612c88d188ae53530,7,2,62,0.30875,e2,49,,,evolve_experiment\evolution\adaptive\synthetic_sbm_1000__continuous\results\pops\synthetic_sbm_1000\population_generation_7.json
407159a96105bf8c983dfcbf809bd54a,7,3,63,0.30961,m2,14,,,evolve_experiment\evolution\adaptive\synthetic_sbm_1000__continuous\results\pops\synthetic_sbm_1000\population_generation_7.json
b72c1ef5189ae038188b8049ee06c709,7,4,64,0.30979,m2,43,,,evolve_experiment\evolution\adaptive\synthetic_sbm_1000__continuous\results\pops\synthetic_sbm_1000\population_generation_7.json
abc0135d71b716029c0890c8e61a1599,7,5,65,0.3101,m2,40,,,evolve_experiment\evolution\adaptive\synthetic_sbm_1000__continuous\results\pops\synthetic_sbm_1000\population_generation_7.json
6fca84f4e2284b241cbaea8549e15fd7,7,6,66,0.31012,e2,26,,,evolve_experiment\evolution\adaptive\synthetic_sbm_1000__continuous\results\pops\synthetic_sbm_1000\population_generation_7.json
f9ec5edfe52420d690ce10d1663bc710,7,7,67,0.31084,m2,63,,,evolve_experiment\evolution\adaptive\synthetic_sbm_1000__continuous\results\pops\synthetic_sbm_1000\population_generation_7.json
31b6dbc117f538b1257f5148811d323d,7,8,68,0.31102,m1,11,,,evolve_experiment\evolution\adaptive\synthetic_sbm_1000__continuous\results\pops\synthetic_sbm_1000\population_generation_7.json
e83d1c2732eaff46a86f762a288b4805,7,9,69,0.31107,e2,57,,,evolve_experiment\evolution\adaptive\synthetic_sbm_1000__continuous\results\pops\synthetic_sbm_1000\population_generation_7.json
45972039ad0ae94b82ae452c74c10ec0,7,10,70,0.31109,m2,16,,,evolve_experiment\evolution\adaptive\synthetic_sbm_1000__continuous\results\pops\synthetic_sbm_1000\population_generation_7.json
5c557f344b7343a6bec58dcfefd65bd1,8,1,71,0.30376,m2,22,,,evolve_experiment\evolution\adaptive\synthetic_sbm_1000__continuous\results\pops\synthetic_sbm_1000\population_generation_8.json
35bfad8e30c6207a642ffd5d5efa2fd9,8,2,72,0.30499,m2,13,,,evolve_experiment\evolution\adaptive\synthetic_sbm_1000__continuous\results\pops\synthetic_sbm_1000\population_generation_8.json
c74ef82f91008bc612c88d188ae53530,8,3,73,0.30875,e2,49,,,evolve_experiment\evolution\adaptive\synthetic_sbm_1000__continuous\results\pops\synthetic_sbm_1000\population_generation_8.json
476079de3dccd6cec5bc259c25c59197,8,4,74,0.30913,m2,17,,,evolve_experiment\evolution\adaptive\synthetic_sbm_1000__continuous\results\pops\synthetic_sbm_1000\population_generation_8.json
407159a96105bf8c983dfcbf809bd54a,8,5,75,0.30961,m2,14,,,evolve_experiment\evolution\adaptive\synthetic_sbm_1000__continuous\results\pops\synthetic_sbm_1000\population_generation_8.json
b72c1ef5189ae038188b8049ee06c709,8,6,76,0.30979,m2,43,,,evolve_experiment\evolution\adaptive\synthetic_sbm_1000__continuous\results\pops\synthetic_sbm_1000\population_generation_8.json
10afb9213985affb352b7133d9acbf74,8,7,77,0.31006,m2,6,,,evolve_experiment\evolution\adaptive\synthetic_sbm_1000__continuous\results\pops\synthetic_sbm_1000\population_generation_8.json
abc0135d71b716029c0890c8e61a1599,8,8,78,0.3101,m2,40,,,evolve_experiment\evolution\adaptive\synthetic_sbm_1000__continuous\results\pops\synthetic_sbm_1000\population_generation_8.json
6fca84f4e2284b241cbaea8549e15fd7,8,9,79,0.31012,e2,26,,,evolve_experiment\evolution\adaptive\synthetic_sbm_1000__continuous\results\pops\synthetic_sbm_1000\population_generation_8.json
a1fd79bde5041e43b00ff730fa002dc6,8,10,80,0.31028,m2,34,,,evolve_experiment\evolution\adaptive\synthetic_sbm_1000__continuous\results\pops\synthetic_sbm_1000\population_generation_8.json
5c557f344b7343a6bec58dcfefd65bd1,9,1,81,0.30376,m2,22,,,evolve_experiment\evolution\adaptive\synthetic_sbm_1000__continuous\results\pops\synthetic_sbm_1000\population_generation_9.json
35bfad8e30c6207a642ffd5d5efa2fd9,9,2,82,0.30499,m2,13,,,evolve_experiment\evolution\adaptive\synthetic_sbm_1000__continuous\results\pops\synthetic_sbm_1000\population_generation_9.json
c74ef82f91008bc612c88d188ae53530,9,3,83,0.30875,e2,49,,,evolve_experiment\evolution\adaptive\synthetic_sbm_1000__continuous\results\pops\synthetic_sbm_1000\population_generation_9.json
476079de3dccd6cec5bc259c25c59197,9,4,84,0.30913,m2,17,,,evolve_experiment\evolution\adaptive\synthetic_sbm_1000__continuous\results\pops\synthetic_sbm_1000\population_generation_9.json
f150144c0a904d1f385e3355ad79eee7,9,5,85,0.30943,t2,61,"Select next node by combining normalized degree, core number, and betweenness centrality via harmonic mean, modulated by a smooth penalty on neighbor removal coverage and dynamically weighted by bridge ratio to balance early disruption and long-term fragmentation.","The evolution shows incremental improvements by balancing centrality measures (degree, core number, betweenness, eigenvector) with neighborhood coverage penalties and dynamic weighting based on graph diameter or bridge ratio. Attempts to combine multiple features harmonically or multiplicatively improved scores marginally. However, heavy reliance on exponential penalties sometimes over-penalized nodes, reducing early disruption potential. Time complexity improved by avoiding deep recomputations but final objective values remain very close, indicating a plateau.",evolve_experiment\evolution\adaptive\synthetic_sbm_1000__continuous\results\pops\synthetic_sbm_1000\population_generation_9.json
407159a96105bf8c983dfcbf809bd54a,9,6,86,0.30961,m2,14,,,evolve_experiment\evolution\adaptive\synthetic_sbm_1000__continuous\results\pops\synthetic_sbm_1000\population_generation_9.json
b72c1ef5189ae038188b8049ee06c709,9,7,87,0.30979,m2,43,,,evolve_experiment\evolution\adaptive\synthetic_sbm_1000__continuous\results\pops\synthetic_sbm_1000\population_generation_9.json
10afb9213985affb352b7133d9acbf74,9,8,88,0.31006,m2,6,,,evolve_experiment\evolution\adaptive\synthetic_sbm_1000__continuous\results\pops\synthetic_sbm_1000\population_generation_9.json
abc0135d71b716029c0890c8e61a1599,9,9,89,0.3101,m2,40,,,evolve_experiment\evolution\adaptive\synthetic_sbm_1000__continuous\results\pops\synthetic_sbm_1000\population_generation_9.json
6fca84f4e2284b241cbaea8549e15fd7,9,10,90,0.31012,e2,26,,,evolve_experiment\evolution\adaptive\synthetic_sbm_1000__continuous\results\pops\synthetic_sbm_1000\population_generation_9.json
5c557f344b7343a6bec58dcfefd65bd1,10,1,91,0.30376,m2,22,,,evolve_experiment\evolution\adaptive\synthetic_sbm_1000__continuous\results\pops\synthetic_sbm_1000\population_generation_10.json
35bfad8e30c6207a642ffd5d5efa2fd9,10,2,92,0.30499,m2,13,,,evolve_experiment\evolution\adaptive\synthetic_sbm_1000__continuous\results\pops\synthetic_sbm_1000\population_generation_10.json
c74ef82f91008bc612c88d188ae53530,10,3,93,0.30875,e2,49,,,evolve_experiment\evolution\adaptive\synthetic_sbm_1000__continuous\results\pops\synthetic_sbm_1000\population_generation_10.json
476079de3dccd6cec5bc259c25c59197,10,4,94,0.30913,m2,17,,,evolve_experiment\evolution\adaptive\synthetic_sbm_1000__continuous\results\pops\synthetic_sbm_1000\population_generation_10.json
f150144c0a904d1f385e3355ad79eee7,10,5,95,0.30943,t2,61,"Select next node by combining normalized degree, core number, and betweenness centrality via harmonic mean, modulated by a smooth penalty on neighbor removal coverage and dynamically weighted by bridge ratio to balance early disruption and long-term fragmentation.","The evolution shows incremental improvements by balancing centrality measures (degree, core number, betweenness, eigenvector) with neighborhood coverage penalties and dynamic weighting based on graph diameter or bridge ratio. Attempts to combine multiple features harmonically or multiplicatively improved scores marginally. However, heavy reliance on exponential penalties sometimes over-penalized nodes, reducing early disruption potential. Time complexity improved by avoiding deep recomputations but final objective values remain very close, indicating a plateau.",evolve_experiment\evolution\adaptive\synthetic_sbm_1000__continuous\results\pops\synthetic_sbm_1000\population_generation_10.json
407159a96105bf8c983dfcbf809bd54a,10,6,96,0.30961,m2,14,,,evolve_experiment\evolution\adaptive\synthetic_sbm_1000__continuous\results\pops\synthetic_sbm_1000\population_generation_10.json
b72c1ef5189ae038188b8049ee06c709,10,7,97,0.30979,m2,43,,,evolve_experiment\evolution\adaptive\synthetic_sbm_1000__continuous\results\pops\synthetic_sbm_1000\population_generation_10.json
10afb9213985affb352b7133d9acbf74,10,8,98,0.31006,m2,6,,,evolve_experiment\evolution\adaptive\synthetic_sbm_1000__continuous\results\pops\synthetic_sbm_1000\population_generation_10.json
abc0135d71b716029c0890c8e61a1599,10,9,99,0.3101,m2,40,,,evolve_experiment\evolution\adaptive\synthetic_sbm_1000__continuous\results\pops\synthetic_sbm_1000\population_generation_10.json
6fca84f4e2284b241cbaea8549e15fd7,10,10,100,0.31012,e2,26,,,evolve_experiment\evolution\adaptive\synthetic_sbm_1000__continuous\results\pops\synthetic_sbm_1000\population_generation_10.json
5c557f344b7343a6bec58dcfefd65bd1,11,1,101,0.30376,m2,22,,,evolve_experiment\evolution\adaptive\synthetic_sbm_1000__continuous\results\pops\synthetic_sbm_1000\population_generation_11.json
35bfad8e30c6207a642ffd5d5efa2fd9,11,2,102,0.30499,m2,13,,,evolve_experiment\evolution\adaptive\synthetic_sbm_1000__continuous\results\pops\synthetic_sbm_1000\population_generation_11.json
c74ef82f91008bc612c88d188ae53530,11,3,103,0.30875,e2,49,,,evolve_experiment\evolution\adaptive\synthetic_sbm_1000__continuous\results\pops\synthetic_sbm_1000\population_generation_11.json
476079de3dccd6cec5bc259c25c59197,11,4,104,0.30913,m2,17,,,evolve_experiment\evolution\adaptive\synthetic_sbm_1000__continuous\results\pops\synthetic_sbm_1000\population_generation_11.json
50ba2a4f1c5654f5cff1598e00580229,11,5,105,0.30926,m1,20,,,evolve_experiment\evolution\adaptive\synthetic_sbm_1000__continuous\results\pops\synthetic_sbm_1000\population_generation_11.json
f8b3ca128304372e9bc054523ffde7ce,11,6,106,0.30933,t1,62,"Select the next node by balancing harmonic mean of normalized betweenness and core number with an adaptive neighborhood impact penalty that prioritizes nodes whose removal maximizes downstream fragmentation potential, dynamically adjusted by graph-level metrics for efficient early and late-stage disruption.","A better strategy would be to introduce a *dynamic neighborhood impact factor* that considers not just the fraction of removed neighbors but also the *connectivity potential* of the node’s unvisited neighbors—measured by their core number variance or degree variance—to prioritize nodes whose removal will cause maximal downstream fragmentation. Additionally, use an adaptive penalty with a logistic function whose center shifts during iterations, allowing the penalty to adapt as more nodes are removed. Combine this with a weighted harmonic mean of normalized betweenness and core number to balance global bridging importance and local resilience disruption. Use efficient vectorized computations and only cached/precomputed metrics to keep time_select low.",evolve_experiment\evolution\adaptive\synthetic_sbm_1000__continuous\results\pops\synthetic_sbm_1000\population_generation_11.json
f150144c0a904d1f385e3355ad79eee7,11,7,107,0.30943,t2,61,"Select next node by combining normalized degree, core number, and betweenness centrality via harmonic mean, modulated by a smooth penalty on neighbor removal coverage and dynamically weighted by bridge ratio to balance early disruption and long-term fragmentation.","The evolution shows incremental improvements by balancing centrality measures (degree, core number, betweenness, eigenvector) with neighborhood coverage penalties and dynamic weighting based on graph diameter or bridge ratio. Attempts to combine multiple features harmonically or multiplicatively improved scores marginally. However, heavy reliance on exponential penalties sometimes over-penalized nodes, reducing early disruption potential. Time complexity improved by avoiding deep recomputations but final objective values remain very close, indicating a plateau.",evolve_experiment\evolution\adaptive\synthetic_sbm_1000__continuous\results\pops\synthetic_sbm_1000\population_generation_11.json
407159a96105bf8c983dfcbf809bd54a,11,8,108,0.30961,m2,14,,,evolve_experiment\evolution\adaptive\synthetic_sbm_1000__continuous\results\pops\synthetic_sbm_1000\population_generation_11.json
2894116d5cc96f3e231d38f13baa2cfd,11,9,109,0.30973,m1,10,,,evolve_experiment\evolution\adaptive\synthetic_sbm_1000__continuous\results\pops\synthetic_sbm_1000\population_generation_11.json
b72c1ef5189ae038188b8049ee06c709,11,10,110,0.30979,m2,43,,,evolve_experiment\evolution\adaptive\synthetic_sbm_1000__continuous\results\pops\synthetic_sbm_1000\population_generation_11.json
dbc7a739919c044d0fc3aaf215cdb5cf,12,1,111,0.29079,e2,56,,,evolve_experiment\evolution\adaptive\synthetic_sbm_1000__continuous\results\pops\synthetic_sbm_1000\population_generation_12.json
e94cf38214b4092d5c6d1bd959ce3485,12,2,112,0.29657,e2,58,"n: i for i, n in enumerate(unvisited_nodes)",,evolve_experiment\evolution\adaptive\synthetic_sbm_1000__continuous\results\pops\synthetic_sbm_1000\population_generation_12.json
076ea10d1ba8ca665cf79ae2e8c2fc1e,12,3,113,0.2975,e2,1,,,evolve_experiment\evolution\adaptive\synthetic_sbm_1000__continuous\results\pops\synthetic_sbm_1000\population_generation_12.json
5c557f344b7343a6bec58dcfefd65bd1,12,4,114,0.30376,m2,22,,,evolve_experiment\evolution\adaptive\synthetic_sbm_1000__continuous\results\pops\synthetic_sbm_1000\population_generation_12.json
35bfad8e30c6207a642ffd5d5efa2fd9,12,5,115,0.30499,m2,13,,,evolve_experiment\evolution\adaptive\synthetic_sbm_1000__continuous\results\pops\synthetic_sbm_1000\population_generation_12.json
c74ef82f91008bc612c88d188ae53530,12,6,116,0.30875,e2,49,,,evolve_experiment\evolution\adaptive\synthetic_sbm_1000__continuous\results\pops\synthetic_sbm_1000\population_generation_12.json
476079de3dccd6cec5bc259c25c59197,12,7,117,0.30913,m2,17,,,evolve_experiment\evolution\adaptive\synthetic_sbm_1000__continuous\results\pops\synthetic_sbm_1000\population_generation_12.json
50ba2a4f1c5654f5cff1598e00580229,12,8,118,0.30926,m1,20,,,evolve_experiment\evolution\adaptive\synthetic_sbm_1000__continuous\results\pops\synthetic_sbm_1000\population_generation_12.json
f8b3ca128304372e9bc054523ffde7ce,12,9,119,0.30933,t1,62,"Select the next node by balancing harmonic mean of normalized betweenness and core number with an adaptive neighborhood impact penalty that prioritizes nodes whose removal maximizes downstream fragmentation potential, dynamically adjusted by graph-level metrics for efficient early and late-stage disruption.","A better strategy would be to introduce a *dynamic neighborhood impact factor* that considers not just the fraction of removed neighbors but also the *connectivity potential* of the node’s unvisited neighbors—measured by their core number variance or degree variance—to prioritize nodes whose removal will cause maximal downstream fragmentation. Additionally, use an adaptive penalty with a logistic function whose center shifts during iterations, allowing the penalty to adapt as more nodes are removed. Combine this with a weighted harmonic mean of normalized betweenness and core number to balance global bridging importance and local resilience disruption. Use efficient vectorized computations and only cached/precomputed metrics to keep time_select low.",evolve_experiment\evolution\adaptive\synthetic_sbm_1000__continuous\results\pops\synthetic_sbm_1000\population_generation_12.json
f150144c0a904d1f385e3355ad79eee7,12,10,120,0.30943,t2,61,"Select next node by combining normalized degree, core number, and betweenness centrality via harmonic mean, modulated by a smooth penalty on neighbor removal coverage and dynamically weighted by bridge ratio to balance early disruption and long-term fragmentation.","The evolution shows incremental improvements by balancing centrality measures (degree, core number, betweenness, eigenvector) with neighborhood coverage penalties and dynamic weighting based on graph diameter or bridge ratio. Attempts to combine multiple features harmonically or multiplicatively improved scores marginally. However, heavy reliance on exponential penalties sometimes over-penalized nodes, reducing early disruption potential. Time complexity improved by avoiding deep recomputations but final objective values remain very close, indicating a plateau.",evolve_experiment\evolution\adaptive\synthetic_sbm_1000__continuous\results\pops\synthetic_sbm_1000\population_generation_12.json
dbc7a739919c044d0fc3aaf215cdb5cf,13,1,121,0.29079,e2,56,,,evolve_experiment\evolution\adaptive\synthetic_sbm_1000__continuous\results\pops\synthetic_sbm_1000\population_generation_13.json
e94cf38214b4092d5c6d1bd959ce3485,13,2,122,0.29657,e2,58,"n: i for i, n in enumerate(unvisited_nodes)",,evolve_experiment\evolution\adaptive\synthetic_sbm_1000__continuous\results\pops\synthetic_sbm_1000\population_generation_13.json
076ea10d1ba8ca665cf79ae2e8c2fc1e,13,3,123,0.2975,e2,1,,,evolve_experiment\evolution\adaptive\synthetic_sbm_1000__continuous\results\pops\synthetic_sbm_1000\population_generation_13.json
5c557f344b7343a6bec58dcfefd65bd1,13,4,124,0.30376,m2,22,,,evolve_experiment\evolution\adaptive\synthetic_sbm_1000__continuous\results\pops\synthetic_sbm_1000\population_generation_13.json
35bfad8e30c6207a642ffd5d5efa2fd9,13,5,125,0.30499,m2,13,,,evolve_experiment\evolution\adaptive\synthetic_sbm_1000__continuous\results\pops\synthetic_sbm_1000\population_generation_13.json
4a0ba4817d50abd5fca77977cc06815b,13,6,126,0.3074,e2,19,,,evolve_experiment\evolution\adaptive\synthetic_sbm_1000__continuous\results\pops\synthetic_sbm_1000\population_generation_13.json
c74ef82f91008bc612c88d188ae53530,13,7,127,0.30875,e2,49,,,evolve_experiment\evolution\adaptive\synthetic_sbm_1000__continuous\results\pops\synthetic_sbm_1000\population_generation_13.json
476079de3dccd6cec5bc259c25c59197,13,8,128,0.30913,m2,17,,,evolve_experiment\evolution\adaptive\synthetic_sbm_1000__continuous\results\pops\synthetic_sbm_1000\population_generation_13.json
50ba2a4f1c5654f5cff1598e00580229,13,9,129,0.30926,m1,20,,,evolve_experiment\evolution\adaptive\synthetic_sbm_1000__continuous\results\pops\synthetic_sbm_1000\population_generation_13.json
f8b3ca128304372e9bc054523ffde7ce,13,10,130,0.30933,t1,62,"Select the next node by balancing harmonic mean of normalized betweenness and core number with an adaptive neighborhood impact penalty that prioritizes nodes whose removal maximizes downstream fragmentation potential, dynamically adjusted by graph-level metrics for efficient early and late-stage disruption.","A better strategy would be to introduce a *dynamic neighborhood impact factor* that considers not just the fraction of removed neighbors but also the *connectivity potential* of the node’s unvisited neighbors—measured by their core number variance or degree variance—to prioritize nodes whose removal will cause maximal downstream fragmentation. Additionally, use an adaptive penalty with a logistic function whose center shifts during iterations, allowing the penalty to adapt as more nodes are removed. Combine this with a weighted harmonic mean of normalized betweenness and core number to balance global bridging importance and local resilience disruption. Use efficient vectorized computations and only cached/precomputed metrics to keep time_select low.",evolve_experiment\evolution\adaptive\synthetic_sbm_1000__continuous\results\pops\synthetic_sbm_1000\population_generation_13.json
dbc7a739919c044d0fc3aaf215cdb5cf,14,1,131,0.29079,e2,56,,,evolve_experiment\evolution\adaptive\synthetic_sbm_1000__continuous\results\pops\synthetic_sbm_1000\population_generation_14.json
cf4d55bccc8d4c5889ab7b73d4bb3328,14,2,132,0.2951,m1,52,,,evolve_experiment\evolution\adaptive\synthetic_sbm_1000__continuous\results\pops\synthetic_sbm_1000\population_generation_14.json
e94cf38214b4092d5c6d1bd959ce3485,14,3,133,0.29657,e2,58,"n: i for i, n in enumerate(unvisited_nodes)",,evolve_experiment\evolution\adaptive\synthetic_sbm_1000__continuous\results\pops\synthetic_sbm_1000\population_generation_14.json
076ea10d1ba8ca665cf79ae2e8c2fc1e,14,4,134,0.2975,e2,1,,,evolve_experiment\evolution\adaptive\synthetic_sbm_1000__continuous\results\pops\synthetic_sbm_1000\population_generation_14.json
5c557f344b7343a6bec58dcfefd65bd1,14,5,135,0.30376,m2,22,,,evolve_experiment\evolution\adaptive\synthetic_sbm_1000__continuous\results\pops\synthetic_sbm_1000\population_generation_14.json
35bfad8e30c6207a642ffd5d5efa2fd9,14,6,136,0.30499,m2,13,,,evolve_experiment\evolution\adaptive\synthetic_sbm_1000__continuous\results\pops\synthetic_sbm_1000\population_generation_14.json
d70bad2182c42adcf5fe93af1f76b7ff,14,7,137,0.30666,e1,54,,,evolve_experiment\evolution\adaptive\synthetic_sbm_1000__continuous\results\pops\synthetic_sbm_1000\population_generation_14.json
4a0ba4817d50abd5fca77977cc06815b,14,8,138,0.3074,e2,19,,,evolve_experiment\evolution\adaptive\synthetic_sbm_1000__continuous\results\pops\synthetic_sbm_1000\population_generation_14.json
c74ef82f91008bc612c88d188ae53530,14,9,139,0.30875,e2,49,,,evolve_experiment\evolution\adaptive\synthetic_sbm_1000__continuous\results\pops\synthetic_sbm_1000\population_generation_14.json
476079de3dccd6cec5bc259c25c59197,14,10,140,0.30913,m2,17,,,evolve_experiment\evolution\adaptive\synthetic_sbm_1000__continuous\results\pops\synthetic_sbm_1000\population_generation_14.json
dbc7a739919c044d0fc3aaf215cdb5cf,15,1,141,0.29079,e2,56,,,evolve_experiment\evolution\adaptive\synthetic_sbm_1000__continuous\results\pops\synthetic_sbm_1000\population_generation_15.json
cf4d55bccc8d4c5889ab7b73d4bb3328,15,2,142,0.2951,m1,52,,,evolve_experiment\evolution\adaptive\synthetic_sbm_1000__continuous\results\pops\synthetic_sbm_1000\population_generation_15.json
e94cf38214b4092d5c6d1bd959ce3485,15,3,143,0.29657,e2,58,"n: i for i, n in enumerate(unvisited_nodes)",,evolve_experiment\evolution\adaptive\synthetic_sbm_1000__continuous\results\pops\synthetic_sbm_1000\population_generation_15.json
076ea10d1ba8ca665cf79ae2e8c2fc1e,15,4,144,0.2975,e2,1,,,evolve_experiment\evolution\adaptive\synthetic_sbm_1000__continuous\results\pops\synthetic_sbm_1000\population_generation_15.json
0f1cca2e07e1aba0a6e7707220d897fb,15,5,145,0.29766,e2,4,,,evolve_experiment\evolution\adaptive\synthetic_sbm_1000__continuous\results\pops\synthetic_sbm_1000\population_generation_15.json
efb935726bef669af51c97972eb98b2a,15,6,146,0.30163,m1,60,,,evolve_experiment\evolution\adaptive\synthetic_sbm_1000__continuous\results\pops\synthetic_sbm_1000\population_generation_15.json
5c557f344b7343a6bec58dcfefd65bd1,15,7,147,0.30376,m2,22,,,evolve_experiment\evolution\adaptive\synthetic_sbm_1000__continuous\results\pops\synthetic_sbm_1000\population_generation_15.json
35bfad8e30c6207a642ffd5d5efa2fd9,15,8,148,0.30499,m2,13,,,evolve_experiment\evolution\adaptive\synthetic_sbm_1000__continuous\results\pops\synthetic_sbm_1000\population_generation_15.json
d70bad2182c42adcf5fe93af1f76b7ff,15,9,149,0.30666,e1,54,,,evolve_experiment\evolution\adaptive\synthetic_sbm_1000__continuous\results\pops\synthetic_sbm_1000\population_generation_15.json
ff51234c2ebef38bbf4be747884e492a,15,10,150,0.30709,m1,65,,,evolve_experiment\evolution\adaptive\synthetic_sbm_1000__continuous\results\pops\synthetic_sbm_1000\population_generation_15.json
dbc7a739919c044d0fc3aaf215cdb5cf,16,1,151,0.29079,e2,56,,,evolve_experiment\evolution\adaptive\synthetic_sbm_1000__continuous\results\pops\synthetic_sbm_1000\population_generation_16.json
cf4d55bccc8d4c5889ab7b73d4bb3328,16,2,152,0.2951,m1,52,,,evolve_experiment\evolution\adaptive\synthetic_sbm_1000__continuous\results\pops\synthetic_sbm_1000\population_generation_16.json
e94cf38214b4092d5c6d1bd959ce3485,16,3,153,0.29657,e2,58,"n: i for i, n in enumerate(unvisited_nodes)",,evolve_experiment\evolution\adaptive\synthetic_sbm_1000__continuous\results\pops\synthetic_sbm_1000\population_generation_16.json
076ea10d1ba8ca665cf79ae2e8c2fc1e,16,4,154,0.2975,e2,1,,,evolve_experiment\evolution\adaptive\synthetic_sbm_1000__continuous\results\pops\synthetic_sbm_1000\population_generation_16.json
0f1cca2e07e1aba0a6e7707220d897fb,16,5,155,0.29766,e2,4,,,evolve_experiment\evolution\adaptive\synthetic_sbm_1000__continuous\results\pops\synthetic_sbm_1000\population_generation_16.json
32cab0c8b92495efb457a385566af59a,16,6,156,0.299,e1,12,,,evolve_experiment\evolution\adaptive\synthetic_sbm_1000__continuous\results\pops\synthetic_sbm_1000\population_generation_16.json
efb935726bef669af51c97972eb98b2a,16,7,157,0.30163,m1,60,,,evolve_experiment\evolution\adaptive\synthetic_sbm_1000__continuous\results\pops\synthetic_sbm_1000\population_generation_16.json
5c557f344b7343a6bec58dcfefd65bd1,16,8,158,0.30376,m2,22,,,evolve_experiment\evolution\adaptive\synthetic_sbm_1000__continuous\results\pops\synthetic_sbm_1000\population_generation_16.json
35bfad8e30c6207a642ffd5d5efa2fd9,16,9,159,0.30499,m2,13,,,evolve_experiment\evolution\adaptive\synthetic_sbm_1000__continuous\results\pops\synthetic_sbm_1000\population_generation_16.json
25cb6e8afad731e154d00892642666f7,16,10,160,0.30552,e2,9,,,evolve_experiment\evolution\adaptive\synthetic_sbm_1000__continuous\results\pops\synthetic_sbm_1000\population_generation_16.json
dbc7a739919c044d0fc3aaf215cdb5cf,17,1,161,0.29079,e2,56,,,evolve_experiment\evolution\adaptive\synthetic_sbm_1000__continuous\results\pops\synthetic_sbm_1000\population_generation_17.json
cf4d55bccc8d4c5889ab7b73d4bb3328,17,2,162,0.2951,m1,52,,,evolve_experiment\evolution\adaptive\synthetic_sbm_1000__continuous\results\pops\synthetic_sbm_1000\population_generation_17.json
e94cf38214b4092d5c6d1bd959ce3485,17,3,163,0.29657,e2,58,"n: i for i, n in enumerate(unvisited_nodes)",,evolve_experiment\evolution\adaptive\synthetic_sbm_1000__continuous\results\pops\synthetic_sbm_1000\population_generation_17.json
076ea10d1ba8ca665cf79ae2e8c2fc1e,17,4,164,0.2975,e2,1,,,evolve_experiment\evolution\adaptive\synthetic_sbm_1000__continuous\results\pops\synthetic_sbm_1000\population_generation_17.json
0f1cca2e07e1aba0a6e7707220d897fb,17,5,165,0.29766,e2,4,,,evolve_experiment\evolution\adaptive\synthetic_sbm_1000__continuous\results\pops\synthetic_sbm_1000\population_generation_17.json
32cab0c8b92495efb457a385566af59a,17,6,166,0.299,e1,12,,,evolve_experiment\evolution\adaptive\synthetic_sbm_1000__continuous\results\pops\synthetic_sbm_1000\population_generation_17.json
efb935726bef669af51c97972eb98b2a,17,7,167,0.30163,m1,60,,,evolve_experiment\evolution\adaptive\synthetic_sbm_1000__continuous\results\pops\synthetic_sbm_1000\population_generation_17.json
a7f885396284f925da12414519df9d32,17,8,168,0.30362,m1,37,,,evolve_experiment\evolution\adaptive\synthetic_sbm_1000__continuous\results\pops\synthetic_sbm_1000\population_generation_17.json
5c557f344b7343a6bec58dcfefd65bd1,17,9,169,0.30376,m2,22,,,evolve_experiment\evolution\adaptive\synthetic_sbm_1000__continuous\results\pops\synthetic_sbm_1000\population_generation_17.json
35bfad8e30c6207a642ffd5d5efa2fd9,17,10,170,0.30499,m2,13,,,evolve_experiment\evolution\adaptive\synthetic_sbm_1000__continuous\results\pops\synthetic_sbm_1000\population_generation_17.json
dbc7a739919c044d0fc3aaf215cdb5cf,18,1,171,0.29079,e2,56,,,evolve_experiment\evolution\adaptive\synthetic_sbm_1000__continuous\results\pops\synthetic_sbm_1000\population_generation_18.json
cf4d55bccc8d4c5889ab7b73d4bb3328,18,2,172,0.2951,m1,52,,,evolve_experiment\evolution\adaptive\synthetic_sbm_1000__continuous\results\pops\synthetic_sbm_1000\population_generation_18.json
e94cf38214b4092d5c6d1bd959ce3485,18,3,173,0.29657,e2,58,"n: i for i, n in enumerate(unvisited_nodes)",,evolve_experiment\evolution\adaptive\synthetic_sbm_1000__continuous\results\pops\synthetic_sbm_1000\population_generation_18.json
076ea10d1ba8ca665cf79ae2e8c2fc1e,18,4,174,0.2975,e2,1,,,evolve_experiment\evolution\adaptive\synthetic_sbm_1000__continuous\results\pops\synthetic_sbm_1000\population_generation_18.json
0f1cca2e07e1aba0a6e7707220d897fb,18,5,175,0.29766,e2,4,,,evolve_experiment\evolution\adaptive\synthetic_sbm_1000__continuous\results\pops\synthetic_sbm_1000\population_generation_18.json
32cab0c8b92495efb457a385566af59a,18,6,176,0.299,e1,12,,,evolve_experiment\evolution\adaptive\synthetic_sbm_1000__continuous\results\pops\synthetic_sbm_1000\population_generation_18.json
efb935726bef669af51c97972eb98b2a,18,7,177,0.30163,m1,60,,,evolve_experiment\evolution\adaptive\synthetic_sbm_1000__continuous\results\pops\synthetic_sbm_1000\population_generation_18.json
a7f885396284f925da12414519df9d32,18,8,178,0.30362,m1,37,,,evolve_experiment\evolution\adaptive\synthetic_sbm_1000__continuous\results\pops\synthetic_sbm_1000\population_generation_18.json
5c557f344b7343a6bec58dcfefd65bd1,18,9,179,0.30376,m2,22,,,evolve_experiment\evolution\adaptive\synthetic_sbm_1000__continuous\results\pops\synthetic_sbm_1000\population_generation_18.json
35bfad8e30c6207a642ffd5d5efa2fd9,18,10,180,0.30499,m2,13,,,evolve_experiment\evolution\adaptive\synthetic_sbm_1000__continuous\results\pops\synthetic_sbm_1000\population_generation_18.json
dbc7a739919c044d0fc3aaf215cdb5cf,19,1,181,0.29079,e2,56,,,evolve_experiment\evolution\adaptive\synthetic_sbm_1000__continuous\results\pops\synthetic_sbm_1000\population_generation_19.json
7681f47e91d61a91b57831ea566a5154,19,2,182,0.2916,e2,28,,,evolve_experiment\evolution\adaptive\synthetic_sbm_1000__continuous\results\pops\synthetic_sbm_1000\population_generation_19.json
cf4d55bccc8d4c5889ab7b73d4bb3328,19,3,183,0.2951,m1,52,,,evolve_experiment\evolution\adaptive\synthetic_sbm_1000__continuous\results\pops\synthetic_sbm_1000\population_generation_19.json
e94cf38214b4092d5c6d1bd959ce3485,19,4,184,0.29657,e2,58,"n: i for i, n in enumerate(unvisited_nodes)",,evolve_experiment\evolution\adaptive\synthetic_sbm_1000__continuous\results\pops\synthetic_sbm_1000\population_generation_19.json
076ea10d1ba8ca665cf79ae2e8c2fc1e,19,5,185,0.2975,e2,1,,,evolve_experiment\evolution\adaptive\synthetic_sbm_1000__continuous\results\pops\synthetic_sbm_1000\population_generation_19.json
0f1cca2e07e1aba0a6e7707220d897fb,19,6,186,0.29766,e2,4,,,evolve_experiment\evolution\adaptive\synthetic_sbm_1000__continuous\results\pops\synthetic_sbm_1000\population_generation_19.json
32cab0c8b92495efb457a385566af59a,19,7,187,0.299,e1,12,,,evolve_experiment\evolution\adaptive\synthetic_sbm_1000__continuous\results\pops\synthetic_sbm_1000\population_generation_19.json
6463bfcae314fbe1c460ab533254e0a8,19,8,188,0.2997,e2,23,,,evolve_experiment\evolution\adaptive\synthetic_sbm_1000__continuous\results\pops\synthetic_sbm_1000\population_generation_19.json
efb935726bef669af51c97972eb98b2a,19,9,189,0.30163,m1,60,,,evolve_experiment\evolution\adaptive\synthetic_sbm_1000__continuous\results\pops\synthetic_sbm_1000\population_generation_19.json
cbde61513b0ed067242ff1eaafc85dfe,19,10,190,0.3036,t2,51,"Select the next node by combining normalized betweenness centrality and neighborhood core entropy using a lightweight adaptive weight based on average path length, ensuring fast and balanced disruption.","The algorithms progressively refined node selection by combining centrality, entropy, and structural diversity metrics with dynamic weighting schemes based on global graph features, improving balance between early disruption and final fragmentation; however, attempts to aggressively shift weights or use complex annealing led to increased time_select without significant gains. A failure was the high time_select cost in the best algorithm, limiting efficiency.",evolve_experiment\evolution\adaptive\synthetic_sbm_1000__continuous\results\pops\synthetic_sbm_1000\population_generation_19.json
dbc7a739919c044d0fc3aaf215cdb5cf,20,1,191,0.29079,e2,56,,,evolve_experiment\evolution\adaptive\synthetic_sbm_1000__continuous\results\pops\synthetic_sbm_1000\population_generation_20.json
7681f47e91d61a91b57831ea566a5154,20,2,192,0.2916,e2,28,,,evolve_experiment\evolution\adaptive\synthetic_sbm_1000__continuous\results\pops\synthetic_sbm_1000\population_generation_20.json
cf4d55bccc8d4c5889ab7b73d4bb3328,20,3,193,0.2951,m1,52,,,evolve_experiment\evolution\adaptive\synthetic_sbm_1000__continuous\results\pops\synthetic_sbm_1000\population_generation_20.json
e94cf38214b4092d5c6d1bd959ce3485,20,4,194,0.29657,e2,58,"n: i for i, n in enumerate(unvisited_nodes)",,evolve_experiment\evolution\adaptive\synthetic_sbm_1000__continuous\results\pops\synthetic_sbm_1000\population_generation_20.json
076ea10d1ba8ca665cf79ae2e8c2fc1e,20,5,195,0.2975,e2,1,,,evolve_experiment\evolution\adaptive\synthetic_sbm_1000__continuous\results\pops\synthetic_sbm_1000\population_generation_20.json
0f1cca2e07e1aba0a6e7707220d897fb,20,6,196,0.29766,e2,4,,,evolve_experiment\evolution\adaptive\synthetic_sbm_1000__continuous\results\pops\synthetic_sbm_1000\population_generation_20.json
32cab0c8b92495efb457a385566af59a,20,7,197,0.299,e1,12,,,evolve_experiment\evolution\adaptive\synthetic_sbm_1000__continuous\results\pops\synthetic_sbm_1000\population_generation_20.json
6463bfcae314fbe1c460ab533254e0a8,20,8,198,0.2997,e2,23,,,evolve_experiment\evolution\adaptive\synthetic_sbm_1000__continuous\results\pops\synthetic_sbm_1000\population_generation_20.json
8d3a5f1ec90f32fe67fc55b62c0f9a92,20,9,199,0.30016,e2,32,,,evolve_experiment\evolution\adaptive\synthetic_sbm_1000__continuous\results\pops\synthetic_sbm_1000\population_generation_20.json
efb935726bef669af51c97972eb98b2a,20,10,200,0.30163,m1,60,,,evolve_experiment\evolution\adaptive\synthetic_sbm_1000__continuous\results\pops\synthetic_sbm_1000\population_generation_20.json
dbc7a739919c044d0fc3aaf215cdb5cf,21,1,201,0.29079,e2,56,,,evolve_experiment\evolution\adaptive\synthetic_sbm_1000__continuous\results\pops\synthetic_sbm_1000\population_generation_21.json
7681f47e91d61a91b57831ea566a5154,21,2,202,0.2916,e2,28,,,evolve_experiment\evolution\adaptive\synthetic_sbm_1000__continuous\results\pops\synthetic_sbm_1000\population_generation_21.json
bc1b82be9c4ef7a73c61246a9594e331,21,3,203,0.29492,m2,45,,,evolve_experiment\evolution\adaptive\synthetic_sbm_1000__continuous\results\pops\synthetic_sbm_1000\population_generation_21.json
cf4d55bccc8d4c5889ab7b73d4bb3328,21,4,204,0.2951,m1,52,,,evolve_experiment\evolution\adaptive\synthetic_sbm_1000__continuous\results\pops\synthetic_sbm_1000\population_generation_21.json
ec1c46a802a27b2da69eb094c477c5c8,21,5,205,0.29527,e2,59,,,evolve_experiment\evolution\adaptive\synthetic_sbm_1000__continuous\results\pops\synthetic_sbm_1000\population_generation_21.json
e94cf38214b4092d5c6d1bd959ce3485,21,6,206,0.29657,e2,58,"n: i for i, n in enumerate(unvisited_nodes)",,evolve_experiment\evolution\adaptive\synthetic_sbm_1000__continuous\results\pops\synthetic_sbm_1000\population_generation_21.json
076ea10d1ba8ca665cf79ae2e8c2fc1e,21,7,207,0.2975,e2,1,,,evolve_experiment\evolution\adaptive\synthetic_sbm_1000__continuous\results\pops\synthetic_sbm_1000\population_generation_21.json
0f1cca2e07e1aba0a6e7707220d897fb,21,8,208,0.29766,e2,4,,,evolve_experiment\evolution\adaptive\synthetic_sbm_1000__continuous\results\pops\synthetic_sbm_1000\population_generation_21.json
32cab0c8b92495efb457a385566af59a,21,9,209,0.299,e1,12,,,evolve_experiment\evolution\adaptive\synthetic_sbm_1000__continuous\results\pops\synthetic_sbm_1000\population_generation_21.json
b14b87c17aaec3977665dac604d70a9e,21,10,210,0.29949,m2,42,,,evolve_experiment\evolution\adaptive\synthetic_sbm_1000__continuous\results\pops\synthetic_sbm_1000\population_generation_21.json
dbc7a739919c044d0fc3aaf215cdb5cf,22,1,211,0.29079,e2,56,,,evolve_experiment\evolution\adaptive\synthetic_sbm_1000__continuous\results\pops\synthetic_sbm_1000\population_generation_22.json
7681f47e91d61a91b57831ea566a5154,22,2,212,0.2916,e2,28,,,evolve_experiment\evolution\adaptive\synthetic_sbm_1000__continuous\results\pops\synthetic_sbm_1000\population_generation_22.json
bc1b82be9c4ef7a73c61246a9594e331,22,3,213,0.29492,m2,45,,,evolve_experiment\evolution\adaptive\synthetic_sbm_1000__continuous\results\pops\synthetic_sbm_1000\population_generation_22.json
cf4d55bccc8d4c5889ab7b73d4bb3328,22,4,214,0.2951,m1,52,,,evolve_experiment\evolution\adaptive\synthetic_sbm_1000__continuous\results\pops\synthetic_sbm_1000\population_generation_22.json
ec1c46a802a27b2da69eb094c477c5c8,22,5,215,0.29527,e2,59,,,evolve_experiment\evolution\adaptive\synthetic_sbm_1000__continuous\results\pops\synthetic_sbm_1000\population_generation_22.json
e94cf38214b4092d5c6d1bd959ce3485,22,6,216,0.29657,e2,58,"n: i for i, n in enumerate(unvisited_nodes)",,evolve_experiment\evolution\adaptive\synthetic_sbm_1000__continuous\results\pops\synthetic_sbm_1000\population_generation_22.json
076ea10d1ba8ca665cf79ae2e8c2fc1e,22,7,217,0.2975,e2,1,,,evolve_experiment\evolution\adaptive\synthetic_sbm_1000__continuous\results\pops\synthetic_sbm_1000\population_generation_22.json
0f1cca2e07e1aba0a6e7707220d897fb,22,8,218,0.29766,e2,4,,,evolve_experiment\evolution\adaptive\synthetic_sbm_1000__continuous\results\pops\synthetic_sbm_1000\population_generation_22.json
32cab0c8b92495efb457a385566af59a,22,9,219,0.299,e1,12,,,evolve_experiment\evolution\adaptive\synthetic_sbm_1000__continuous\results\pops\synthetic_sbm_1000\population_generation_22.json
b14b87c17aaec3977665dac604d70a9e,22,10,220,0.29949,m2,42,,,evolve_experiment\evolution\adaptive\synthetic_sbm_1000__continuous\results\pops\synthetic_sbm_1000\population_generation_22.json
dbc7a739919c044d0fc3aaf215cdb5cf,23,1,221,0.29079,e2,56,,,evolve_experiment\evolution\adaptive\synthetic_sbm_1000__continuous\results\pops\synthetic_sbm_1000\population_generation_23.json
7681f47e91d61a91b57831ea566a5154,23,2,222,0.2916,e2,28,,,evolve_experiment\evolution\adaptive\synthetic_sbm_1000__continuous\results\pops\synthetic_sbm_1000\population_generation_23.json
fcb1b1595e8e2735963d6fdd441afbd3,23,3,223,0.2928,m1,64,,,evolve_experiment\evolution\adaptive\synthetic_sbm_1000__continuous\results\pops\synthetic_sbm_1000\population_generation_23.json
bc1b82be9c4ef7a73c61246a9594e331,23,4,224,0.29492,m2,45,,,evolve_experiment\evolution\adaptive\synthetic_sbm_1000__continuous\results\pops\synthetic_sbm_1000\population_generation_23.json
cf4d55bccc8d4c5889ab7b73d4bb3328,23,5,225,0.2951,m1,52,,,evolve_experiment\evolution\adaptive\synthetic_sbm_1000__continuous\results\pops\synthetic_sbm_1000\population_generation_23.json
ec1c46a802a27b2da69eb094c477c5c8,23,6,226,0.29527,e2,59,,,evolve_experiment\evolution\adaptive\synthetic_sbm_1000__continuous\results\pops\synthetic_sbm_1000\population_generation_23.json
e94cf38214b4092d5c6d1bd959ce3485,23,7,227,0.29657,e2,58,"n: i for i, n in enumerate(unvisited_nodes)",,evolve_experiment\evolution\adaptive\synthetic_sbm_1000__continuous\results\pops\synthetic_sbm_1000\population_generation_23.json
aa60b144eb33baf04ac04269161d971d,23,8,228,0.29676,m2,39,,,evolve_experiment\evolution\adaptive\synthetic_sbm_1000__continuous\results\pops\synthetic_sbm_1000\population_generation_23.json
076ea10d1ba8ca665cf79ae2e8c2fc1e,23,9,229,0.2975,e2,1,,,evolve_experiment\evolution\adaptive\synthetic_sbm_1000__continuous\results\pops\synthetic_sbm_1000\population_generation_23.json
0f1cca2e07e1aba0a6e7707220d897fb,23,10,230,0.29766,e2,4,,,evolve_experiment\evolution\adaptive\synthetic_sbm_1000__continuous\results\pops\synthetic_sbm_1000\population_generation_23.json
dbc7a739919c044d0fc3aaf215cdb5cf,24,1,231,0.29079,e2,56,,,evolve_experiment\evolution\adaptive\synthetic_sbm_1000__continuous\results\pops\synthetic_sbm_1000\population_generation_24.json
7681f47e91d61a91b57831ea566a5154,24,2,232,0.2916,e2,28,,,evolve_experiment\evolution\adaptive\synthetic_sbm_1000__continuous\results\pops\synthetic_sbm_1000\population_generation_24.json
fcb1b1595e8e2735963d6fdd441afbd3,24,3,233,0.2928,m1,64,,,evolve_experiment\evolution\adaptive\synthetic_sbm_1000__continuous\results\pops\synthetic_sbm_1000\population_generation_24.json
bc1b82be9c4ef7a73c61246a9594e331,24,4,234,0.29492,m2,45,,,evolve_experiment\evolution\adaptive\synthetic_sbm_1000__continuous\results\pops\synthetic_sbm_1000\population_generation_24.json
cf4d55bccc8d4c5889ab7b73d4bb3328,24,5,235,0.2951,m1,52,,,evolve_experiment\evolution\adaptive\synthetic_sbm_1000__continuous\results\pops\synthetic_sbm_1000\population_generation_24.json
ec1c46a802a27b2da69eb094c477c5c8,24,6,236,0.29527,e2,59,,,evolve_experiment\evolution\adaptive\synthetic_sbm_1000__continuous\results\pops\synthetic_sbm_1000\population_generation_24.json
e94cf38214b4092d5c6d1bd959ce3485,24,7,237,0.29657,e2,58,"n: i for i, n in enumerate(unvisited_nodes)",,evolve_experiment\evolution\adaptive\synthetic_sbm_1000__continuous\results\pops\synthetic_sbm_1000\population_generation_24.json
aa60b144eb33baf04ac04269161d971d,24,8,238,0.29676,m2,39,,,evolve_experiment\evolution\adaptive\synthetic_sbm_1000__continuous\results\pops\synthetic_sbm_1000\population_generation_24.json
076ea10d1ba8ca665cf79ae2e8c2fc1e,24,9,239,0.2975,e2,1,,,evolve_experiment\evolution\adaptive\synthetic_sbm_1000__continuous\results\pops\synthetic_sbm_1000\population_generation_24.json
0f1cca2e07e1aba0a6e7707220d897fb,24,10,240,0.29766,e2,4,,,evolve_experiment\evolution\adaptive\synthetic_sbm_1000__continuous\results\pops\synthetic_sbm_1000\population_generation_24.json
dbc7a739919c044d0fc3aaf215cdb5cf,25,1,241,0.29079,e2,56,,,evolve_experiment\evolution\adaptive\synthetic_sbm_1000__continuous\results\pops\synthetic_sbm_1000\population_generation_25.json
7681f47e91d61a91b57831ea566a5154,25,2,242,0.2916,e2,28,,,evolve_experiment\evolution\adaptive\synthetic_sbm_1000__continuous\results\pops\synthetic_sbm_1000\population_generation_25.json
fcb1b1595e8e2735963d6fdd441afbd3,25,3,243,0.2928,m1,64,,,evolve_experiment\evolution\adaptive\synthetic_sbm_1000__continuous\results\pops\synthetic_sbm_1000\population_generation_25.json
bc1b82be9c4ef7a73c61246a9594e331,25,4,244,0.29492,m2,45,,,evolve_experiment\evolution\adaptive\synthetic_sbm_1000__continuous\results\pops\synthetic_sbm_1000\population_generation_25.json
cf4d55bccc8d4c5889ab7b73d4bb3328,25,5,245,0.2951,m1,52,,,evolve_experiment\evolution\adaptive\synthetic_sbm_1000__continuous\results\pops\synthetic_sbm_1000\population_generation_25.json
ec1c46a802a27b2da69eb094c477c5c8,25,6,246,0.29527,e2,59,,,evolve_experiment\evolution\adaptive\synthetic_sbm_1000__continuous\results\pops\synthetic_sbm_1000\population_generation_25.json
e94cf38214b4092d5c6d1bd959ce3485,25,7,247,0.29657,e2,58,"n: i for i, n in enumerate(unvisited_nodes)",,evolve_experiment\evolution\adaptive\synthetic_sbm_1000__continuous\results\pops\synthetic_sbm_1000\population_generation_25.json
aa60b144eb33baf04ac04269161d971d,25,8,248,0.29676,m2,39,,,evolve_experiment\evolution\adaptive\synthetic_sbm_1000__continuous\results\pops\synthetic_sbm_1000\population_generation_25.json
076ea10d1ba8ca665cf79ae2e8c2fc1e,25,9,249,0.2975,e2,1,,,evolve_experiment\evolution\adaptive\synthetic_sbm_1000__continuous\results\pops\synthetic_sbm_1000\population_generation_25.json
0f1cca2e07e1aba0a6e7707220d897fb,25,10,250,0.29766,e2,4,,,evolve_experiment\evolution\adaptive\synthetic_sbm_1000__continuous\results\pops\synthetic_sbm_1000\population_generation_25.json
dbc7a739919c044d0fc3aaf215cdb5cf,26,1,251,0.29079,e2,56,,,evolve_experiment\evolution\adaptive\synthetic_sbm_1000__continuous\results\pops\synthetic_sbm_1000\population_generation_26.json
7681f47e91d61a91b57831ea566a5154,26,2,252,0.2916,e2,28,,,evolve_experiment\evolution\adaptive\synthetic_sbm_1000__continuous\results\pops\synthetic_sbm_1000\population_generation_26.json
fcb1b1595e8e2735963d6fdd441afbd3,26,3,253,0.2928,m1,64,,,evolve_experiment\evolution\adaptive\synthetic_sbm_1000__continuous\results\pops\synthetic_sbm_1000\population_generation_26.json
bc1b82be9c4ef7a73c61246a9594e331,26,4,254,0.29492,m2,45,,,evolve_experiment\evolution\adaptive\synthetic_sbm_1000__continuous\results\pops\synthetic_sbm_1000\population_generation_26.json
cf4d55bccc8d4c5889ab7b73d4bb3328,26,5,255,0.2951,m1,52,,,evolve_experiment\evolution\adaptive\synthetic_sbm_1000__continuous\results\pops\synthetic_sbm_1000\population_generation_26.json
ec1c46a802a27b2da69eb094c477c5c8,26,6,256,0.29527,e2,59,,,evolve_experiment\evolution\adaptive\synthetic_sbm_1000__continuous\results\pops\synthetic_sbm_1000\population_generation_26.json
e94cf38214b4092d5c6d1bd959ce3485,26,7,257,0.29657,e2,58,"n: i for i, n in enumerate(unvisited_nodes)",,evolve_experiment\evolution\adaptive\synthetic_sbm_1000__continuous\results\pops\synthetic_sbm_1000\population_generation_26.json
aa60b144eb33baf04ac04269161d971d,26,8,258,0.29676,m2,39,,,evolve_experiment\evolution\adaptive\synthetic_sbm_1000__continuous\results\pops\synthetic_sbm_1000\population_generation_26.json
076ea10d1ba8ca665cf79ae2e8c2fc1e,26,9,259,0.2975,e2,1,,,evolve_experiment\evolution\adaptive\synthetic_sbm_1000__continuous\results\pops\synthetic_sbm_1000\population_generation_26.json
0f1cca2e07e1aba0a6e7707220d897fb,26,10,260,0.29766,e2,4,,,evolve_experiment\evolution\adaptive\synthetic_sbm_1000__continuous\results\pops\synthetic_sbm_1000\population_generation_26.json
dbc7a739919c044d0fc3aaf215cdb5cf,27,1,261,0.29079,e2,56,,,evolve_experiment\evolution\adaptive\synthetic_sbm_1000__continuous\results\pops\synthetic_sbm_1000\population_generation_27.json
7681f47e91d61a91b57831ea566a5154,27,2,262,0.2916,e2,28,,,evolve_experiment\evolution\adaptive\synthetic_sbm_1000__continuous\results\pops\synthetic_sbm_1000\population_generation_27.json
fcb1b1595e8e2735963d6fdd441afbd3,27,3,263,0.2928,m1,64,,,evolve_experiment\evolution\adaptive\synthetic_sbm_1000__continuous\results\pops\synthetic_sbm_1000\population_generation_27.json
bc1b82be9c4ef7a73c61246a9594e331,27,4,264,0.29492,m2,45,,,evolve_experiment\evolution\adaptive\synthetic_sbm_1000__continuous\results\pops\synthetic_sbm_1000\population_generation_27.json
cf4d55bccc8d4c5889ab7b73d4bb3328,27,5,265,0.2951,m1,52,,,evolve_experiment\evolution\adaptive\synthetic_sbm_1000__continuous\results\pops\synthetic_sbm_1000\population_generation_27.json
ec1c46a802a27b2da69eb094c477c5c8,27,6,266,0.29527,e2,59,,,evolve_experiment\evolution\adaptive\synthetic_sbm_1000__continuous\results\pops\synthetic_sbm_1000\population_generation_27.json
e94cf38214b4092d5c6d1bd959ce3485,27,7,267,0.29657,e2,58,"n: i for i, n in enumerate(unvisited_nodes)",,evolve_experiment\evolution\adaptive\synthetic_sbm_1000__continuous\results\pops\synthetic_sbm_1000\population_generation_27.json
aa60b144eb33baf04ac04269161d971d,27,8,268,0.29676,m2,39,,,evolve_experiment\evolution\adaptive\synthetic_sbm_1000__continuous\results\pops\synthetic_sbm_1000\population_generation_27.json
076ea10d1ba8ca665cf79ae2e8c2fc1e,27,9,269,0.2975,e2,1,,,evolve_experiment\evolution\adaptive\synthetic_sbm_1000__continuous\results\pops\synthetic_sbm_1000\population_generation_27.json
0f1cca2e07e1aba0a6e7707220d897fb,27,10,270,0.29766,e2,4,,,evolve_experiment\evolution\adaptive\synthetic_sbm_1000__continuous\results\pops\synthetic_sbm_1000\population_generation_27.json
dbc7a739919c044d0fc3aaf215cdb5cf,28,1,271,0.29079,e2,56,,,evolve_experiment\evolution\adaptive\synthetic_sbm_1000__continuous\results\pops\synthetic_sbm_1000\population_generation_28.json
7681f47e91d61a91b57831ea566a5154,28,2,272,0.2916,e2,28,,,evolve_experiment\evolution\adaptive\synthetic_sbm_1000__continuous\results\pops\synthetic_sbm_1000\population_generation_28.json
fcb1b1595e8e2735963d6fdd441afbd3,28,3,273,0.2928,m1,64,,,evolve_experiment\evolution\adaptive\synthetic_sbm_1000__continuous\results\pops\synthetic_sbm_1000\population_generation_28.json
bc1b82be9c4ef7a73c61246a9594e331,28,4,274,0.29492,m2,45,,,evolve_experiment\evolution\adaptive\synthetic_sbm_1000__continuous\results\pops\synthetic_sbm_1000\population_generation_28.json
cf4d55bccc8d4c5889ab7b73d4bb3328,28,5,275,0.2951,m1,52,,,evolve_experiment\evolution\adaptive\synthetic_sbm_1000__continuous\results\pops\synthetic_sbm_1000\population_generation_28.json
ec1c46a802a27b2da69eb094c477c5c8,28,6,276,0.29527,e2,59,,,evolve_experiment\evolution\adaptive\synthetic_sbm_1000__continuous\results\pops\synthetic_sbm_1000\population_generation_28.json
e94cf38214b4092d5c6d1bd959ce3485,28,7,277,0.29657,e2,58,"n: i for i, n in enumerate(unvisited_nodes)",,evolve_experiment\evolution\adaptive\synthetic_sbm_1000__continuous\results\pops\synthetic_sbm_1000\population_generation_28.json
aa60b144eb33baf04ac04269161d971d,28,8,278,0.29676,m2,39,,,evolve_experiment\evolution\adaptive\synthetic_sbm_1000__continuous\results\pops\synthetic_sbm_1000\population_generation_28.json
076ea10d1ba8ca665cf79ae2e8c2fc1e,28,9,279,0.2975,e2,1,,,evolve_experiment\evolution\adaptive\synthetic_sbm_1000__continuous\results\pops\synthetic_sbm_1000\population_generation_28.json
a5ec494e3fc54d95840b0de70ff2b7f5,28,10,280,0.29754,m2,36,,,evolve_experiment\evolution\adaptive\synthetic_sbm_1000__continuous\results\pops\synthetic_sbm_1000\population_generation_28.json
8b14c2af14554b7e3a4e3b2633b661b9,29,1,281,0.29002,t2,29,"Adaptive harmonic centrality with neighborhood diversity scores and a penalty for nodes with many removed neighbors, dynamically balancing early and late-stage priorities.","Small improvements focused on adaptive weighting schemes balancing local diversity and centrality measures, and annealing between neighborhood fragmentation and vulnerability scores; challenges included high time_select for complex scoring and only marginal gains in early disruption (fht_50, fht_10). The best algorithm could be further optimized by incorporating a lightweight penalty for nodes with many already removed neighbors to accelerate early disruption while retaining thoroughness.",evolve_experiment\evolution\adaptive\synthetic_sbm_1000__continuous\results\pops\synthetic_sbm_1000\population_generation_29.json
dbc7a739919c044d0fc3aaf215cdb5cf,29,2,282,0.29079,e2,56,,,evolve_experiment\evolution\adaptive\synthetic_sbm_1000__continuous\results\pops\synthetic_sbm_1000\population_generation_29.json
7681f47e91d61a91b57831ea566a5154,29,3,283,0.2916,e2,28,,,evolve_experiment\evolution\adaptive\synthetic_sbm_1000__continuous\results\pops\synthetic_sbm_1000\population_generation_29.json
fcb1b1595e8e2735963d6fdd441afbd3,29,4,284,0.2928,m1,64,,,evolve_experiment\evolution\adaptive\synthetic_sbm_1000__continuous\results\pops\synthetic_sbm_1000\population_generation_29.json
4593151603689121b717b070c9cc8e1f,29,5,285,0.29414,e2,15,,,evolve_experiment\evolution\adaptive\synthetic_sbm_1000__continuous\results\pops\synthetic_sbm_1000\population_generation_29.json
bc1b82be9c4ef7a73c61246a9594e331,29,6,286,0.29492,m2,45,,,evolve_experiment\evolution\adaptive\synthetic_sbm_1000__continuous\results\pops\synthetic_sbm_1000\population_generation_29.json
cf4d55bccc8d4c5889ab7b73d4bb3328,29,7,287,0.2951,m1,52,,,evolve_experiment\evolution\adaptive\synthetic_sbm_1000__continuous\results\pops\synthetic_sbm_1000\population_generation_29.json
ec1c46a802a27b2da69eb094c477c5c8,29,8,288,0.29527,e2,59,,,evolve_experiment\evolution\adaptive\synthetic_sbm_1000__continuous\results\pops\synthetic_sbm_1000\population_generation_29.json
e94cf38214b4092d5c6d1bd959ce3485,29,9,289,0.29657,e2,58,"n: i for i, n in enumerate(unvisited_nodes)",,evolve_experiment\evolution\adaptive\synthetic_sbm_1000__continuous\results\pops\synthetic_sbm_1000\population_generation_29.json
aa60b144eb33baf04ac04269161d971d,29,10,290,0.29676,m2,39,,,evolve_experiment\evolution\adaptive\synthetic_sbm_1000__continuous\results\pops\synthetic_sbm_1000\population_generation_29.json
8b14c2af14554b7e3a4e3b2633b661b9,30,1,291,0.29002,t2,29,"Adaptive harmonic centrality with neighborhood diversity scores and a penalty for nodes with many removed neighbors, dynamically balancing early and late-stage priorities.","Small improvements focused on adaptive weighting schemes balancing local diversity and centrality measures, and annealing between neighborhood fragmentation and vulnerability scores; challenges included high time_select for complex scoring and only marginal gains in early disruption (fht_50, fht_10). The best algorithm could be further optimized by incorporating a lightweight penalty for nodes with many already removed neighbors to accelerate early disruption while retaining thoroughness.",evolve_experiment\evolution\adaptive\synthetic_sbm_1000__continuous\results\pops\synthetic_sbm_1000\population_generation_30.json
dbc7a739919c044d0fc3aaf215cdb5cf,30,2,292,0.29079,e2,56,,,evolve_experiment\evolution\adaptive\synthetic_sbm_1000__continuous\results\pops\synthetic_sbm_1000\population_generation_30.json
7681f47e91d61a91b57831ea566a5154,30,3,293,0.2916,e2,28,,,evolve_experiment\evolution\adaptive\synthetic_sbm_1000__continuous\results\pops\synthetic_sbm_1000\population_generation_30.json
fcb1b1595e8e2735963d6fdd441afbd3,30,4,294,0.2928,m1,64,,,evolve_experiment\evolution\adaptive\synthetic_sbm_1000__continuous\results\pops\synthetic_sbm_1000\population_generation_30.json
4593151603689121b717b070c9cc8e1f,30,5,295,0.29414,e2,15,,,evolve_experiment\evolution\adaptive\synthetic_sbm_1000__continuous\results\pops\synthetic_sbm_1000\population_generation_30.json
bc1b82be9c4ef7a73c61246a9594e331,30,6,296,0.29492,m2,45,,,evolve_experiment\evolution\adaptive\synthetic_sbm_1000__continuous\results\pops\synthetic_sbm_1000\population_generation_30.json
cf4d55bccc8d4c5889ab7b73d4bb3328,30,7,297,0.2951,m1,52,,,evolve_experiment\evolution\adaptive\synthetic_sbm_1000__continuous\results\pops\synthetic_sbm_1000\population_generation_30.json
ec1c46a802a27b2da69eb094c477c5c8,30,8,298,0.29527,e2,59,,,evolve_experiment\evolution\adaptive\synthetic_sbm_1000__continuous\results\pops\synthetic_sbm_1000\population_generation_30.json
e94cf38214b4092d5c6d1bd959ce3485,30,9,299,0.29657,e2,58,"n: i for i, n in enumerate(unvisited_nodes)",,evolve_experiment\evolution\adaptive\synthetic_sbm_1000__continuous\results\pops\synthetic_sbm_1000\population_generation_30.json
aa60b144eb33baf04ac04269161d971d,30,10,300,0.29676,m2,39,,,evolve_experiment\evolution\adaptive\synthetic_sbm_1000__continuous\results\pops\synthetic_sbm_1000\population_generation_30.json
