dataset,instance,perturbation,evaluation_mode,level_percent,replicate,anc,delta_anc_percent,anc_prefix_k,fht_50,fht_10,lcc_at_k_frac,time_select,time_anc,k
synthetic_sbm_1000,g_0,clean,unweighted_original,0,0,0.32348105905905905,0.0,0.8565071738405071,293.0,657.0,0.85,0.5529813766479492,0.47490358352661133,150
synthetic_sbm_1000,g_0,node_delete,unweighted_original,1,1,0.3235255435543452,0.013751808348703048,0.8569517214613271,290.0,650.0,0.8505050505050505,0.5261285305023193,0.4542515277862549,148
synthetic_sbm_1000,g_0,node_delete,unweighted_original,3,1,0.322806021637277,-0.208679118259842,0.8569404104560978,284.0,632.0,0.8505154639175257,0.5728156566619873,0.5936527252197266,145
synthetic_sbm_1000,g_0,node_delete,unweighted_original,5,1,0.3230661603262218,-0.12826059554896002,0.856928622927181,279.0,615.0,0.8505263157894737,0.621645450592041,0.5211639404296875,142
synthetic_sbm_1000,g_0,node_delete,unweighted_original,10,1,0.3212340817643747,-0.6946240689394222,0.8563968195113912,264.0,581.0,0.85,0.5499663352966309,0.4772303104400635,135
synthetic_sbm_1000,g_0,node_delete,unweighted_original,15,1,0.31744716723521665,-1.8652998853762155,0.8568613593847433,247.0,543.0,0.8505882352941176,0.49420690536499023,0.4057958126068115,127
synthetic_sbm_1000,g_0,node_delete,unweighted_original,20,1,0.31770753676470587,-1.7848100012863788,0.8562588652482269,235.0,502.0,0.85,0.443986177444458,0.36126255989074707,120
synthetic_sbm_1000,g_0,edge_delete,unweighted_original,1,1,0.3240278458458458,0.16903208749756796,0.8565071738405071,293.0,657.0,0.85,0.6751952171325684,0.5579783916473389,150
synthetic_sbm_1000,g_0,edge_delete,unweighted_original,3,1,0.3219046006006006,-0.4873418131633547,0.8565071738405071,293.0,648.0,0.85,0.6929943561553955,0.5723180770874023,150
synthetic_sbm_1000,g_0,edge_delete,unweighted_original,5,1,0.32236340740740743,-0.3455076024861058,0.8565071738405071,292.0,649.0,0.85,0.6710546016693115,0.5728468894958496,150
synthetic_sbm_1000,g_0,edge_delete,unweighted_original,10,1,0.32168123523523523,-0.5563923368679279,0.8565071738405071,293.0,656.0,0.85,0.6785149574279785,0.5858645439147949,150
synthetic_sbm_1000,g_0,edge_delete,unweighted_original,15,1,0.31996644244244243,-1.0864984264735393,0.8565071738405071,293.0,642.0,0.85,0.6457865238189697,0.5757710933685303,150
synthetic_sbm_1000,g_0,edge_delete,unweighted_original,20,1,0.31478844044044046,-2.687211005152405,0.855995969302636,292.0,627.0,0.849,0.6396069526672363,0.48918938636779785,150
synthetic_sbm_1000,g_0,edge_add,unweighted_original,1,1,0.3235999059059059,0.03673997086338768,0.8565071738405071,293.0,660.0,0.85,0.5596623420715332,0.48645758628845215,150
synthetic_sbm_1000,g_0,edge_add,unweighted_original,3,1,0.3250109009009009,0.4729308869866602,0.8565071738405071,293.0,659.0,0.85,0.5695734024047852,0.49929118156433105,150
synthetic_sbm_1000,g_0,edge_add,unweighted_original,5,1,0.32481087287287286,0.4110948003206019,0.8565071738405071,293.0,659.0,0.85,0.5454845428466797,0.5053176879882812,150
synthetic_sbm_1000,g_0,edge_add,unweighted_original,10,1,0.32571923123123125,0.6919020788056629,0.8565071738405071,293.0,658.0,0.85,0.5568640232086182,0.5215163230895996,150
synthetic_sbm_1000,g_0,edge_add,unweighted_original,15,1,0.32585293093093093,0.7332336176872839,0.8565071738405071,292.0,664.0,0.85,0.5544924736022949,0.5359420776367188,150
synthetic_sbm_1000,g_0,edge_add,unweighted_original,20,1,0.32662366766766765,0.9714969456789253,0.8565071738405071,293.0,666.0,0.85,0.5362672805786133,0.5110735893249512,150
synthetic_sbm_1000,g_1,clean,unweighted_original,0,0,0.32340876076076075,0.0,0.8565071738405071,293.0,650.0,0.85,0.521355152130127,0.4853959083557129,150
synthetic_sbm_1000,g_1,node_delete,unweighted_original,1,1,0.3227849224852626,-0.19289467422920162,0.8569517214613271,290.0,641.0,0.8505050505050505,0.5364527702331543,0.4786801338195801,148
synthetic_sbm_1000,g_1,node_delete,unweighted_original,3,1,0.32244773437284924,-0.29715533544943895,0.8569404104560978,284.0,631.0,0.8505154639175257,0.5129101276397705,0.4538991451263428,145
synthetic_sbm_1000,g_1,node_delete,unweighted_original,5,1,0.32227454121410787,-0.3507077371635928,0.856928622927181,279.0,619.0,0.8505263157894737,0.509141206741333,0.43318986892700195,142
synthetic_sbm_1000,g_1,node_delete,unweighted_original,10,1,0.3220921215616803,-0.4071130281020437,0.8563968195113912,264.0,589.0,0.85,0.4407820701599121,0.3974778652191162,135
synthetic_sbm_1000,g_1,node_delete,unweighted_original,15,1,0.317089591255334,-1.9539265079158843,0.8568613593847433,248.0,538.0,0.8505882352941176,0.4094228744506836,0.35347485542297363,127
synthetic_sbm_1000,g_1,node_delete,unweighted_original,20,1,0.3164218593554443,-2.1603933637669592,0.8562588652482269,233.0,498.0,0.85,0.32844972610473633,0.3020341396331787,120
synthetic_sbm_1000,g_1,edge_delete,unweighted_original,1,1,0.32327495695695696,-0.04137296821800371,0.8565071738405071,293.0,652.0,0.85,0.561368465423584,0.5261073112487793,150
synthetic_sbm_1000,g_1,edge_delete,unweighted_original,3,1,0.3230194334334334,-0.12038243070827905,0.8565071738405071,293.0,653.0,0.85,0.6983840465545654,0.5713045597076416,150
synthetic_sbm_1000,g_1,edge_delete,unweighted_original,5,1,0.32204418218218217,-0.42193618236211483,0.8565071738405071,292.0,651.0,0.85,0.6634125709533691,0.5626983642578125,150
synthetic_sbm_1000,g_1,edge_delete,unweighted_original,10,1,0.31997609809809807,-1.0614006418960198,0.8565071738405071,293.0,637.0,0.85,0.6865010261535645,0.5610005855560303,150
synthetic_sbm_1000,g_1,edge_delete,unweighted_original,15,1,0.3202594034034034,-0.9738008797130401,0.8565071738405071,293.0,639.0,0.85,0.6743621826171875,0.5652353763580322,150
synthetic_sbm_1000,g_1,edge_delete,unweighted_original,20,1,0.3167501121121121,-2.0588955701092804,0.8565071738405071,292.0,627.0,0.85,0.672797441482544,0.5340926647186279,150
synthetic_sbm_1000,g_1,edge_add,unweighted_original,1,1,0.3233362842842843,-0.022410177233903483,0.8565071738405071,293.0,649.0,0.85,0.6705572605133057,0.595308780670166,150
synthetic_sbm_1000,g_1,edge_add,unweighted_original,3,1,0.3239238038038038,0.15925451179229533,0.8565071738405071,293.0,652.0,0.85,0.654425859451294,0.582097053527832,150
synthetic_sbm_1000,g_1,edge_add,unweighted_original,5,1,0.3249389089089089,0.4731313228957595,0.8565071738405071,293.0,663.0,0.85,0.6800565719604492,0.5860786437988281,150
synthetic_sbm_1000,g_1,edge_add,unweighted_original,10,1,0.32545804204204204,0.6336505159788268,0.8565071738405071,293.0,663.0,0.85,0.6955037117004395,0.5622868537902832,150
synthetic_sbm_1000,g_1,edge_add,unweighted_original,15,1,0.32506653453453455,0.5125939600010163,0.8565071738405071,293.0,658.0,0.85,0.5683708190917969,0.522498369216919,150
synthetic_sbm_1000,g_1,edge_add,unweighted_original,20,1,0.32724827027027026,1.1872002169878624,0.8565071738405071,293.0,672.0,0.85,0.5767045021057129,0.5038959980010986,150
synthetic_sbm_1000,g_2,clean,unweighted_original,0,0,0.3244019359359359,0.0,0.8565071738405071,293.0,659.0,0.85,0.5629520416259766,0.480288028717041,150
synthetic_sbm_1000,g_2,node_delete,unweighted_original,1,1,0.32411882198933706,-0.08727258232354283,0.8569517214613271,289.0,651.0,0.8505050505050505,0.5785470008850098,0.48609089851379395,148
synthetic_sbm_1000,g_2,node_delete,unweighted_original,3,1,0.32348394007406345,-0.282981006023884,0.8569404104560978,283.0,629.0,0.8505154639175257,0.5597190856933594,0.46111083030700684,145
synthetic_sbm_1000,g_2,node_delete,unweighted_original,5,1,0.3234862485368766,-0.2822694002788481,0.856928622927181,278.0,626.0,0.8505263157894737,0.5105986595153809,0.44202184677124023,142
synthetic_sbm_1000,g_2,node_delete,unweighted_original,10,1,0.3212971861739381,-0.9570688143522527,0.8563968195113912,262.0,582.0,0.85,0.47919607162475586,0.40093088150024414,135
synthetic_sbm_1000,g_2,node_delete,unweighted_original,15,1,0.3196614262250317,-1.4613074663772665,0.8568613593847433,248.0,541.0,0.8505882352941176,0.403395414352417,0.3265800476074219,127
synthetic_sbm_1000,g_2,node_delete,unweighted_original,20,1,0.3149892130788486,-2.9015618633503437,0.8562588652482269,235.0,490.0,0.85,0.34019994735717773,0.30805230140686035,120
synthetic_sbm_1000,g_2,edge_delete,unweighted_original,1,1,0.3237037017017017,-0.2152373820519053,0.8565071738405071,293.0,653.0,0.85,0.5513436794281006,0.46578145027160645,150
synthetic_sbm_1000,g_2,edge_delete,unweighted_original,3,1,0.32390729529529527,-0.15247770923855575,0.8565071738405071,293.0,658.0,0.85,0.5574603080749512,0.4782981872558594,150
synthetic_sbm_1000,g_2,edge_delete,unweighted_original,5,1,0.3225543583583584,-0.5695334623226159,0.8565071738405071,292.0,653.0,0.85,0.5515549182891846,0.47923827171325684,150
synthetic_sbm_1000,g_2,edge_delete,unweighted_original,10,1,0.32176777377377375,-0.8120056850346207,0.8558157891224558,292.0,645.0,0.849,0.558795690536499,0.459089994430542,150
synthetic_sbm_1000,g_2,edge_delete,unweighted_original,15,1,0.32103773973973976,-1.0370456595735391,0.8565071738405071,293.0,641.0,0.85,0.5605459213256836,0.502194881439209,150
synthetic_sbm_1000,g_2,edge_delete,unweighted_original,20,1,0.3164789289289289,-2.4423427018547916,0.8565071738405071,293.0,624.0,0.85,0.7702877521514893,0.5801656246185303,150
synthetic_sbm_1000,g_2,edge_add,unweighted_original,1,1,0.3243107947947948,-0.028095128618194954,0.8565071738405071,293.0,653.0,0.85,0.6707205772399902,0.5773882865905762,150
synthetic_sbm_1000,g_2,edge_add,unweighted_original,3,1,0.3249742222222222,0.17641272227158428,0.8565071738405071,293.0,661.0,0.85,0.6830711364746094,0.5870938301086426,150
synthetic_sbm_1000,g_2,edge_add,unweighted_original,5,1,0.32572088088088086,0.40657739638317525,0.8565071738405071,293.0,665.0,0.85,0.7187554836273193,0.5870087146759033,150
synthetic_sbm_1000,g_2,edge_add,unweighted_original,10,1,0.32675487087087085,0.7253147020058481,0.8565071738405071,293.0,662.0,0.85,0.6986949443817139,0.6109580993652344,150
synthetic_sbm_1000,g_2,edge_add,unweighted_original,15,1,0.3276009029029029,0.9861121690712473,0.8565071738405071,293.0,674.0,0.85,0.673680305480957,0.6091241836547852,150
synthetic_sbm_1000,g_2,edge_add,unweighted_original,20,1,0.3279279439439439,1.0869256984657258,0.8565071738405071,293.0,674.0,0.85,0.6707978248596191,0.6125001907348633,150
synthetic_sbm_1000,g_3,clean,unweighted_original,0,0,0.3227871191191191,0.0,0.8565071738405071,293.0,650.0,0.85,0.654911994934082,0.5920624732971191,150
synthetic_sbm_1000,g_3,node_delete,unweighted_original,1,1,0.32309967957913543,0.09683176356890962,0.8569517214613271,290.0,648.0,0.8505050505050505,0.6660451889038086,0.5039656162261963,148
synthetic_sbm_1000,g_3,node_delete,unweighted_original,3,1,0.32208597898439684,-0.21721440949554557,0.8569404104560978,284.0,628.0,0.8505154639175257,0.5378034114837646,0.44272804260253906,145
synthetic_sbm_1000,g_3,node_delete,unweighted_original,5,1,0.321823776011489,-0.2984453376761379,0.856928622927181,278.0,619.0,0.8505263157894737,0.4807438850402832,0.43004751205444336,142
synthetic_sbm_1000,g_3,node_delete,unweighted_original,10,1,0.32034147406583446,-0.7576650084299451,0.8563968195113912,264.0,578.0,0.85,0.44765639305114746,0.37072157859802246,135
synthetic_sbm_1000,g_3,node_delete,unweighted_original,15,1,0.31501546537550795,-2.407671583928095,0.8568613593847433,247.0,527.0,0.8505882352941176,0.40479302406311035,0.34937500953674316,127
synthetic_sbm_1000,g_3,node_delete,unweighted_original,20,1,0.3143769164580726,-2.6054951275620404,0.8562588652482269,233.0,500.0,0.85,0.3571023941040039,0.30605363845825195,120
synthetic_sbm_1000,g_3,edge_delete,unweighted_original,1,1,0.32298887287287287,0.06250365699360481,0.8565071738405071,293.0,657.0,0.85,0.5460305213928223,0.47443294525146484,150
synthetic_sbm_1000,g_3,edge_delete,unweighted_original,3,1,0.3218955075075075,-0.2762227978752073,0.8565071738405071,293.0,647.0,0.85,0.5770511627197266,0.4738290309906006,150
synthetic_sbm_1000,g_3,edge_delete,unweighted_original,5,1,0.3211470790790791,-0.5080872014086805,0.8565071738405071,293.0,650.0,0.85,0.5372664928436279,0.47072529792785645,150
synthetic_sbm_1000,g_3,edge_delete,unweighted_original,10,1,0.32092441241241243,-0.5770697144886021,0.8565071738405071,292.0,644.0,0.85,0.531667947769165,0.4717416763305664,150
synthetic_sbm_1000,g_3,edge_delete,unweighted_original,15,1,0.31781443243243246,-1.5405468161979443,0.8565071738405071,293.0,632.0,0.85,0.5457844734191895,0.45732951164245605,150
synthetic_sbm_1000,g_3,edge_delete,unweighted_original,20,1,0.3148853113113113,-2.4479935349873037,0.8565071738405071,292.0,618.0,0.85,0.5505962371826172,0.4699528217315674,150
synthetic_sbm_1000,g_3,edge_add,unweighted_original,1,1,0.3229224924924925,0.04193890194342752,0.8565071738405071,293.0,657.0,0.85,0.5601236820220947,0.4576399326324463,150
synthetic_sbm_1000,g_3,edge_add,unweighted_original,3,1,0.3241174154154154,0.41212806134477464,0.8565071738405071,293.0,657.0,0.85,0.5459387302398682,0.4655008316040039,150
synthetic_sbm_1000,g_3,edge_add,unweighted_original,5,1,0.3237004804804805,0.2829609074407725,0.8565071738405071,293.0,658.0,0.85,0.5596904754638672,0.6433708667755127,150
synthetic_sbm_1000,g_3,edge_add,unweighted_original,10,1,0.3249465965965966,0.6690098054007381,0.8565071738405071,293.0,662.0,0.85,0.5849685668945312,0.6447064876556396,150
synthetic_sbm_1000,g_3,edge_add,unweighted_original,15,1,0.3262704704704705,1.0791481893259467,0.8565071738405071,293.0,665.0,0.85,0.6598043441772461,0.5836634635925293,150
synthetic_sbm_1000,g_3,edge_add,unweighted_original,20,1,0.32668753753753754,1.2083562779898427,0.8565071738405071,293.0,668.0,0.85,0.6930699348449707,0.6195528507232666,150
synthetic_sbm_1000,g_4,clean,unweighted_original,0,0,0.32432133533533536,0.0,0.8565071738405071,293.0,656.0,0.85,0.6795539855957031,0.5742454528808594,150
synthetic_sbm_1000,g_4,node_delete,unweighted_original,1,1,0.32408243974196727,-0.07366015347744084,0.8569517214613271,290.0,649.0,0.8505050505050505,0.6569466590881348,0.5516116619110107,148
synthetic_sbm_1000,g_4,node_delete,unweighted_original,3,1,0.3224468700838766,-0.577965445757866,0.8569404104560978,284.0,625.0,0.8505154639175257,0.6094770431518555,0.5873832702636719,145
synthetic_sbm_1000,g_4,node_delete,unweighted_original,5,1,0.32314384875171126,-0.3630617092787388,0.856928622927181,279.0,622.0,0.8505263157894737,0.6217532157897949,0.47183799743652344,142
synthetic_sbm_1000,g_4,node_delete,unweighted_original,10,1,0.31922461720155454,-1.5715025742944158,0.8563968195113912,264.0,569.0,0.85,0.5528714656829834,0.48063230514526367,135
synthetic_sbm_1000,g_4,node_delete,unweighted_original,15,1,0.3186739538883523,-1.7412919939861191,0.8568613593847433,249.0,538.0,0.8505882352941176,0.4665498733520508,0.41443824768066406,127
synthetic_sbm_1000,g_4,node_delete,unweighted_original,20,1,0.31431840973091363,-3.0842638194243692,0.8562588652482269,235.0,495.0,0.85,0.4122769832611084,0.3679826259613037,120
synthetic_sbm_1000,g_4,edge_delete,unweighted_original,1,1,0.32424700500500503,-0.022918729738663473,0.8565071738405071,293.0,656.0,0.85,0.6053154468536377,0.5004210472106934,150
synthetic_sbm_1000,g_4,edge_delete,unweighted_original,3,1,0.32368757957957955,-0.19540982559797573,0.8565071738405071,293.0,652.0,0.85,0.5477330684661865,0.4614224433898926,150
synthetic_sbm_1000,g_4,edge_delete,unweighted_original,5,1,0.32171595795795793,-0.8033320949062972,0.8565071738405071,293.0,639.0,0.85,0.5683529376983643,0.47413086891174316,150
synthetic_sbm_1000,g_4,edge_delete,unweighted_original,10,1,0.32065956156156156,-1.1290573190282638,0.8565071738405071,293.0,646.0,0.85,0.6744165420532227,0.48345255851745605,150
synthetic_sbm_1000,g_4,edge_delete,unweighted_original,15,1,0.3179255835835836,-1.972041631223189,0.8565071738405071,292.0,627.0,0.85,0.5709340572357178,0.45105552673339844,150
synthetic_sbm_1000,g_4,edge_delete,unweighted_original,20,1,0.31522757357357356,-2.803935717753262,0.8565071738405071,292.0,623.0,0.85,0.5506572723388672,0.464449405670166,150
synthetic_sbm_1000,g_4,edge_add,unweighted_original,1,1,0.3243357957957958,0.004458683066746112,0.8565071738405071,293.0,657.0,0.85,0.5728962421417236,0.4808006286621094,150
synthetic_sbm_1000,g_4,edge_add,unweighted_original,3,1,0.3248279299299299,0.15620143956017216,0.8565071738405071,293.0,659.0,0.85,0.5513730049133301,0.4750783443450928,150
synthetic_sbm_1000,g_4,edge_add,unweighted_original,5,1,0.32430871471471473,-0.0038913938879722378,0.8565071738405071,293.0,651.0,0.85,0.5402624607086182,0.4674069881439209,150
synthetic_sbm_1000,g_4,edge_add,unweighted_original,10,1,0.32577904504504507,0.4494646361154426,0.8565071738405071,293.0,663.0,0.85,0.5416886806488037,0.4868738651275635,150
synthetic_sbm_1000,g_4,edge_add,unweighted_original,15,1,0.326941965965966,0.8080352246703066,0.8565071738405071,293.0,666.0,0.85,0.5493137836456299,0.5453929901123047,150
synthetic_sbm_1000,g_4,edge_add,unweighted_original,20,1,0.32676918518518516,0.7547606596152006,0.8565071738405071,293.0,667.0,0.85,0.5541722774505615,0.5099668502807617,150
synthetic_sbm_1000,g_5,clean,unweighted_original,0,0,0.32372175575575574,0.0,0.8565071738405071,293.0,657.0,0.85,0.5522544384002686,0.4667203426361084,150
synthetic_sbm_1000,g_5,node_delete,unweighted_original,1,1,0.3242672230986108,0.16849882133550287,0.8569517214613271,290.0,651.0,0.8505050505050505,0.5488505363464355,0.4962022304534912,148
synthetic_sbm_1000,g_5,node_delete,unweighted_original,3,1,0.32226237509900113,-0.4508132773923575,0.8569404104560978,284.0,635.0,0.8505154639175257,0.6606621742248535,0.5227482318878174,145
synthetic_sbm_1000,g_5,node_delete,unweighted_original,5,1,0.32262088741903566,-0.3400662195687168,0.856928622927181,279.0,616.0,0.8505263157894737,0.6476149559020996,0.5132620334625244,142
synthetic_sbm_1000,g_5,node_delete,unweighted_original,10,1,0.3197082629533501,-1.2397970575180566,0.8563968195113912,264.0,573.0,0.85,0.5312573909759521,0.5237870216369629,135
synthetic_sbm_1000,g_5,node_delete,unweighted_original,15,1,0.3200540362975371,-1.1329851617961366,0.8568613593847433,249.0,542.0,0.8505882352941176,0.46709537506103516,0.41388773918151855,127
synthetic_sbm_1000,g_5,node_delete,unweighted_original,20,1,0.3158438868898623,-2.4335308720607527,0.8562588652482269,234.0,494.0,0.85,0.4259042739868164,0.35606861114501953,120
synthetic_sbm_1000,g_5,edge_delete,unweighted_original,1,1,0.3235667047047047,-0.0478963950658905,0.8565071738405071,293.0,658.0,0.85,0.6639032363891602,0.5573279857635498,150
synthetic_sbm_1000,g_5,edge_delete,unweighted_original,3,1,0.32309394794794793,-0.1939343886054648,0.8565071738405071,293.0,655.0,0.85,0.6720337867736816,0.5684256553649902,150
synthetic_sbm_1000,g_5,edge_delete,unweighted_original,5,1,0.3215601081081081,-0.6677486480947497,0.8565071738405071,293.0,651.0,0.85,0.6589789390563965,0.555553674697876,150
synthetic_sbm_1000,g_5,edge_delete,unweighted_original,10,1,0.32278193193193194,-0.29031840063689734,0.8565071738405071,293.0,650.0,0.85,0.6750903129577637,0.6275556087493896,150
synthetic_sbm_1000,g_5,edge_delete,unweighted_original,15,1,0.31807984184184185,-1.7428281583183571,0.8565071738405071,293.0,628.0,0.85,0.6567749977111816,0.5331664085388184,150
synthetic_sbm_1000,g_5,edge_delete,unweighted_original,20,1,0.31581457057057055,-2.442586895874574,0.8565071738405071,290.0,629.0,0.85,0.5960092544555664,0.4834620952606201,150
synthetic_sbm_1000,g_5,edge_add,unweighted_original,1,1,0.3237341221221221,0.003820060328505645,0.8565071738405071,293.0,660.0,0.85,0.5665798187255859,0.4841880798339844,150
synthetic_sbm_1000,g_5,edge_add,unweighted_original,3,1,0.32466105705705706,0.2901569896371168,0.8565071738405071,293.0,664.0,0.85,0.5790805816650391,0.49697446823120117,150
synthetic_sbm_1000,g_5,edge_add,unweighted_original,5,1,0.32580197997998,0.6425963616093119,0.8565071738405071,293.0,662.0,0.85,0.585451602935791,0.4832766056060791,150
synthetic_sbm_1000,g_5,edge_add,unweighted_original,10,1,0.32648655855855857,0.8540676533611927,0.8565071738405071,293.0,667.0,0.85,0.5461719036102295,0.4805581569671631,150
synthetic_sbm_1000,g_5,edge_add,unweighted_original,15,1,0.3267153793793794,0.924752065746952,0.8565071738405071,293.0,668.0,0.85,0.5527329444885254,0.5331737995147705,150
synthetic_sbm_1000,g_5,edge_add,unweighted_original,20,1,0.32673504704704703,0.9308275510419483,0.8565071738405071,293.0,671.0,0.85,0.573505163192749,0.5640566349029541,150
synthetic_sbm_1000,g_6,clean,unweighted_original,0,0,0.32300678078078077,0.0,0.8565071738405071,292.0,659.0,0.85,0.5519301891326904,0.4808950424194336,150
synthetic_sbm_1000,g_6,node_delete,unweighted_original,1,1,0.32241784824375136,-0.18232822716780858,0.8569517214613271,290.0,645.0,0.8505050505050505,0.5336699485778809,0.4649388790130615,148
synthetic_sbm_1000,g_6,node_delete,unweighted_original,3,1,0.3231678867070711,0.0498769486822807,0.8569404104560978,284.0,629.0,0.8505154639175257,0.5222296714782715,0.44996070861816406,145
synthetic_sbm_1000,g_6,node_delete,unweighted_original,5,1,0.3216861814010374,-0.4088457141832108,0.856928622927181,279.0,613.0,0.8505263157894737,0.5033671855926514,0.4182412624359131,142
synthetic_sbm_1000,g_6,node_delete,unweighted_original,10,1,0.31868407146486494,-1.3382720032894848,0.8563968195113912,264.0,571.0,0.85,0.4510316848754883,0.3902857303619385,135
synthetic_sbm_1000,g_6,node_delete,unweighted_original,15,1,0.3205564665941205,-0.7585952780115902,0.8568613593847433,249.0,536.0,0.8505882352941176,0.41067957878112793,0.37865686416625977,127
synthetic_sbm_1000,g_6,node_delete,unweighted_original,20,1,0.3162522645494368,-2.091137596250081,0.8562588652482269,234.0,501.0,0.85,0.3572521209716797,0.34502744674682617,120
synthetic_sbm_1000,g_6,edge_delete,unweighted_original,1,1,0.32270894494494495,-0.09220730138106595,0.8565071738405071,292.0,651.0,0.85,0.7389185428619385,0.581904411315918,150
synthetic_sbm_1000,g_6,edge_delete,unweighted_original,3,1,0.32170473073073075,-0.40310300821012734,0.8565071738405071,292.0,651.0,0.85,0.6866390705108643,0.5718998908996582,150
synthetic_sbm_1000,g_6,edge_delete,unweighted_original,5,1,0.32232958758758756,-0.20965293408276886,0.8565071738405071,293.0,651.0,0.85,0.6671950817108154,0.5769877433776855,150
synthetic_sbm_1000,g_6,edge_delete,unweighted_original,10,1,0.32018393993993993,-0.8739261863225865,0.8565071738405071,293.0,637.0,0.85,0.6531364917755127,0.547069787979126,150
synthetic_sbm_1000,g_6,edge_delete,unweighted_original,15,1,0.3175236056056056,-1.6975418168996572,0.8565071738405071,293.0,629.0,0.85,0.684708833694458,0.6301140785217285,150
synthetic_sbm_1000,g_6,edge_delete,unweighted_original,20,1,0.31664723123123123,-1.9688594568129685,0.8565071738405071,293.0,628.0,0.85,0.7332940101623535,0.5872471332550049,150
synthetic_sbm_1000,g_6,edge_add,unweighted_original,1,1,0.32328404604604605,0.08583883737519925,0.8565071738405071,293.0,656.0,0.85,0.6809194087982178,0.5733766555786133,150
synthetic_sbm_1000,g_6,edge_add,unweighted_original,3,1,0.3233666366366366,0.11140814288356342,0.8565071738405071,293.0,657.0,0.85,0.67242431640625,0.564741849899292,150
synthetic_sbm_1000,g_6,edge_add,unweighted_original,5,1,0.3249643203203203,0.6060366704400801,0.8565071738405071,293.0,662.0,0.85,0.6815528869628906,0.5888779163360596,150
synthetic_sbm_1000,g_6,edge_add,unweighted_original,10,1,0.3255923763763764,0.8004771879233162,0.8565071738405071,293.0,663.0,0.85,0.5855765342712402,0.5070028305053711,150
synthetic_sbm_1000,g_6,edge_add,unweighted_original,15,1,0.32652017217217216,1.0877144383466908,0.8565071738405071,293.0,667.0,0.85,0.5786759853363037,0.49172377586364746,150
synthetic_sbm_1000,g_6,edge_add,unweighted_original,20,1,0.327156016016016,1.2845659850253313,0.8565071738405071,293.0,671.0,0.85,0.5431890487670898,0.5093464851379395,150
synthetic_sbm_1000,g_7,clean,unweighted_original,0,0,0.322090968968969,0.0,0.8565071738405071,292.0,649.0,0.85,0.5444002151489258,0.4923257827758789,150
synthetic_sbm_1000,g_7,node_delete,unweighted_original,1,1,0.32184559900771564,-0.07618032943885164,0.8569517214613271,289.0,646.0,0.8505050505050505,0.5540461540222168,0.5212328433990479,148
synthetic_sbm_1000,g_7,node_delete,unweighted_original,3,1,0.321248173668559,-0.2616637477007866,0.8569404104560978,282.0,628.0,0.8505154639175257,0.5284216403961182,0.4277660846710205,145
synthetic_sbm_1000,g_7,node_delete,unweighted_original,5,1,0.3215729004725779,-0.16084539658142027,0.856928622927181,278.0,619.0,0.8505263157894737,0.4952549934387207,0.43111348152160645,142
synthetic_sbm_1000,g_7,node_delete,unweighted_original,10,1,0.31864531509633476,-1.0697766173525338,0.8563968195113912,261.0,576.0,0.85,0.42758822441101074,0.3807978630065918,135
synthetic_sbm_1000,g_7,node_delete,unweighted_original,15,1,0.3170736571826818,-1.557731283912698,0.8568613593847433,248.0,534.0,0.8505882352941176,0.3998134136199951,0.34833359718322754,127
synthetic_sbm_1000,g_7,node_delete,unweighted_original,20,1,0.31461987640801004,-2.3195597768153324,0.8561878911138924,233.0,502.0,0.84875,0.3750143051147461,0.29160237312316895,120
synthetic_sbm_1000,g_7,edge_delete,unweighted_original,1,1,0.32199567567567566,-0.029585832101523823,0.8564275742409075,292.0,653.0,0.849,0.556708574295044,0.4957609176635742,150
synthetic_sbm_1000,g_7,edge_delete,unweighted_original,3,1,0.3207115675675676,-0.4282645383746569,0.8557175575575575,291.0,648.0,0.848,0.5303268432617188,0.45535922050476074,150
synthetic_sbm_1000,g_7,edge_delete,unweighted_original,5,1,0.3205782962962963,-0.4696414424517511,0.8560316449783116,290.0,650.0,0.849,0.5736227035522461,0.4691894054412842,150
synthetic_sbm_1000,g_7,edge_delete,unweighted_original,10,1,0.31812425625625623,-1.2315504298088296,0.8565071738405071,290.0,635.0,0.85,0.5888729095458984,0.48952746391296387,150
synthetic_sbm_1000,g_7,edge_delete,unweighted_original,15,1,0.31850204804804805,-1.114256923256582,0.8565071738405071,292.0,632.0,0.85,0.5339233875274658,0.5722777843475342,150
synthetic_sbm_1000,g_7,edge_delete,unweighted_original,20,1,0.315552998998999,-2.0298519983029557,0.8564731398064731,290.0,626.0,0.849,0.7177672386169434,0.5520730018615723,150
synthetic_sbm_1000,g_7,edge_add,unweighted_original,1,1,0.3227722562562563,0.21152014583585443,0.8565071738405071,292.0,654.0,0.85,0.6605923175811768,0.5880422592163086,150
synthetic_sbm_1000,g_7,edge_add,unweighted_original,3,1,0.3230485885885886,0.29731340269644685,0.8562548014681348,291.0,655.0,0.849,0.6678693294525146,0.5873303413391113,150
synthetic_sbm_1000,g_7,edge_add,unweighted_original,5,1,0.32362675075075076,0.4768161574656647,0.8565071738405071,292.0,661.0,0.85,0.6574146747589111,0.5733981132507324,150
synthetic_sbm_1000,g_7,edge_add,unweighted_original,10,1,0.32387661261261264,0.5543910931000599,0.8564617684351018,292.0,657.0,0.849,0.678870677947998,0.5740540027618408,150
synthetic_sbm_1000,g_7,edge_add,unweighted_original,15,1,0.3257061021021021,1.1223950627070822,0.8565071738405071,293.0,664.0,0.85,0.6735877990722656,0.6056146621704102,150
synthetic_sbm_1000,g_7,edge_add,unweighted_original,20,1,0.3268874914914915,1.4891825554365679,0.8565071738405071,293.0,667.0,0.85,0.6682255268096924,0.6120753288269043,150
synthetic_sbm_1000,g_8,clean,unweighted_original,0,0,0.32348565165165166,0.0,0.8565071738405071,293.0,658.0,0.85,0.6608321666717529,0.6336984634399414,150
synthetic_sbm_1000,g_8,node_delete,unweighted_original,1,1,0.32260847900520667,-0.2711627677970649,0.8569517214613271,290.0,647.0,0.8505050505050505,0.5849974155426025,0.47513866424560547,148
synthetic_sbm_1000,g_8,node_delete,unweighted_original,3,1,0.323046177709439,-0.1358557759729993,0.8569404104560978,284.0,628.0,0.8505154639175257,0.5050094127655029,0.4482128620147705,145
synthetic_sbm_1000,g_8,node_delete,unweighted_original,5,1,0.32258622664475506,-0.2780417005528138,0.856928622927181,279.0,618.0,0.8505263157894737,0.507213830947876,0.4029514789581299,142
synthetic_sbm_1000,g_8,node_delete,unweighted_original,10,1,0.32122341147228056,-0.6993324643057779,0.8563968195113912,264.0,576.0,0.85,0.4598813056945801,0.3796672821044922,135
synthetic_sbm_1000,g_8,node_delete,unweighted_original,15,1,0.31864034789554985,-1.497841938695792,0.8568613593847433,248.0,539.0,0.8505882352941176,0.40860700607299805,0.34246230125427246,127
synthetic_sbm_1000,g_8,node_delete,unweighted_original,20,1,0.31509189220901124,-2.5947857037193467,0.8562588652482269,234.0,497.0,0.85,0.35229039192199707,0.3007173538208008,120
synthetic_sbm_1000,g_8,edge_delete,unweighted_original,1,1,0.32350341541541544,0.005491360643997738,0.8565071738405071,293.0,648.0,0.85,0.5418910980224609,0.4677150249481201,150
synthetic_sbm_1000,g_8,edge_delete,unweighted_original,3,1,0.32298055255255254,-0.15614265934831847,0.8565071738405071,293.0,647.0,0.85,0.5450103282928467,0.4899158477783203,150
synthetic_sbm_1000,g_8,edge_delete,unweighted_original,5,1,0.32254927327327326,-0.28946519686342903,0.8565071738405071,293.0,644.0,0.85,0.5721447467803955,0.48815131187438965,150
synthetic_sbm_1000,g_8,edge_delete,unweighted_original,10,1,0.31986846046046047,-1.1181921586699608,0.8565071738405071,293.0,635.0,0.85,0.578364372253418,0.4730372428894043,150
synthetic_sbm_1000,g_8,edge_delete,unweighted_original,15,1,0.3187778658658659,-1.4553306342178693,0.8565071738405071,293.0,638.0,0.85,0.5500929355621338,0.47423601150512695,150
synthetic_sbm_1000,g_8,edge_delete,unweighted_original,20,1,0.3165336876876877,-2.149079542931398,0.8565071738405071,291.0,629.0,0.85,0.546654224395752,0.457622766494751,150
synthetic_sbm_1000,g_8,edge_add,unweighted_original,1,1,0.32425563563563564,0.23802724481058077,0.8565071738405071,293.0,656.0,0.85,0.5747044086456299,0.47037506103515625,150
synthetic_sbm_1000,g_8,edge_add,unweighted_original,3,1,0.3244057217217217,0.28442376512601597,0.8565071738405071,293.0,658.0,0.85,0.5706698894500732,0.49972987174987793,150
synthetic_sbm_1000,g_8,edge_add,unweighted_original,5,1,0.32491373573573573,0.44146752005616435,0.8565071738405071,293.0,661.0,0.85,0.5781195163726807,0.5653243064880371,150
synthetic_sbm_1000,g_8,edge_add,unweighted_original,10,1,0.32649777377377376,0.9311455103936809,0.8565071738405071,293.0,669.0,0.85,0.7255241870880127,0.6098742485046387,150
synthetic_sbm_1000,g_8,edge_add,unweighted_original,15,1,0.32772158758758757,1.3094664057920604,0.8565071738405071,293.0,675.0,0.85,0.660698652267456,0.6177270412445068,150
synthetic_sbm_1000,g_8,edge_add,unweighted_original,20,1,0.3277727327327327,1.3252770437242258,0.8565071738405071,293.0,672.0,0.85,0.6910195350646973,0.619178056716919,150
synthetic_sbm_1000,g_9,clean,unweighted_original,0,0,0.3231932692692693,0.0,0.8565071738405071,293.0,653.0,0.85,0.6575188636779785,0.5918829441070557,150
synthetic_sbm_1000,g_9,node_delete,unweighted_original,1,1,0.32398599470205314,0.24527906616873177,0.8569517214613271,290.0,653.0,0.8505050505050505,0.6183261871337891,0.5551238059997559,148
synthetic_sbm_1000,g_9,node_delete,unweighted_original,3,1,0.3219702695561558,-0.3784112571027939,0.8569404104560978,284.0,632.0,0.8505154639175257,0.5991697311401367,0.5348386764526367,145
synthetic_sbm_1000,g_9,node_delete,unweighted_original,5,1,0.32156434678287976,-0.5040087901807064,0.856928622927181,279.0,619.0,0.8505263157894737,0.56734299659729,0.5107419490814209,142
synthetic_sbm_1000,g_9,node_delete,unweighted_original,10,1,0.3211831939466348,-0.6219421979854955,0.8563968195113912,264.0,580.0,0.85,0.5286526679992676,0.4170191287994385,135
synthetic_sbm_1000,g_9,node_delete,unweighted_original,15,1,0.3206602907552545,-0.7837349211330379,0.8568613593847433,249.0,547.0,0.8505882352941176,0.4516613483428955,0.40434837341308594,127
synthetic_sbm_1000,g_9,node_delete,unweighted_original,20,1,0.3154959597934919,-2.3816428767779723,0.8562056737588652,234.0,504.0,0.84875,0.3717160224914551,0.3316965103149414,120
synthetic_sbm_1000,g_9,edge_delete,unweighted_original,1,1,0.32318801401401404,-0.0016260410580718947,0.8565071738405071,293.0,653.0,0.85,0.5286314487457275,0.5226995944976807,150
synthetic_sbm_1000,g_9,edge_delete,unweighted_original,3,1,0.32193314714714716,-0.3898973901811818,0.8565071738405071,293.0,657.0,0.85,0.5480329990386963,0.4664757251739502,150
synthetic_sbm_1000,g_9,edge_delete,unweighted_original,5,1,0.32208032832832834,-0.34435771000345106,0.8565071738405071,293.0,647.0,0.85,0.598745584487915,0.4989128112792969,150
synthetic_sbm_1000,g_9,edge_delete,unweighted_original,10,1,0.32096454254254253,-0.6895956502330125,0.8565071738405071,291.0,649.0,0.85,0.5845897197723389,0.46217846870422363,150
synthetic_sbm_1000,g_9,edge_delete,unweighted_original,15,1,0.320395981981982,-0.8655153288346237,0.8565071738405071,293.0,641.0,0.85,0.5467031002044678,0.45767736434936523,150
synthetic_sbm_1000,g_9,edge_delete,unweighted_original,20,1,0.31808391391391394,-1.5808978221939596,0.8565071738405071,291.0,638.0,0.85,0.555621862411499,0.4617912769317627,150
synthetic_sbm_1000,g_9,edge_add,unweighted_original,1,1,0.32351275475475477,0.09885276577938672,0.8565071738405071,293.0,656.0,0.85,0.5496087074279785,0.46297478675842285,150
synthetic_sbm_1000,g_9,edge_add,unweighted_original,3,1,0.32497094494494494,0.5500348691341669,0.8565071738405071,293.0,660.0,0.85,0.5510797500610352,0.5182738304138184,150
synthetic_sbm_1000,g_9,edge_add,unweighted_original,5,1,0.3246432032032032,0.44862751542202706,0.8565071738405071,293.0,662.0,0.85,0.542107105255127,0.4733312129974365,150
synthetic_sbm_1000,g_9,edge_add,unweighted_original,10,1,0.3264674734734735,1.0130793291602558,0.8565071738405071,293.0,664.0,0.85,0.5552878379821777,0.4803121089935303,150
synthetic_sbm_1000,g_9,edge_add,unweighted_original,15,1,0.32668344744744743,1.0799043513713458,0.8565071738405071,293.0,667.0,0.85,0.5520100593566895,0.5081520080566406,150
synthetic_sbm_1000,g_9,edge_add,unweighted_original,20,1,0.3275744364364364,1.3555873787448687,0.8565071738405071,293.0,669.0,0.85,0.5716094970703125,0.5175838470458984,150
